edge_id,min_clearance_in,max_weight_lb,closed,hazmat_blocked,structures,structures_unknown_clearance
8,,,f,f,1,1
10,,,f,f,1,1
29,,,f,f,1,1
32,,,f,f,1,1
65,,,f,f,1,1
73,263,,f,f,1,0
74,263,,f,f,1,0
77,,,f,f,1,1
85,,,f,f,2,2
96,,,f,f,1,1
98,,,f,f,1,1
99,,,f,f,1,1
106,207.9,,f,f,2,0
110,,,f,f,1,1
112,,,f,f,1,1
134,207.9,,f,f,1,0
149,,,f,f,1,1
164,192.9,,f,f,2,0
181,,,f,f,1,1
188,185.8,,f,f,5,0
197,203.9,,f,f,1,0
211,,,f,f,1,1
212,,,f,f,1,1
214,194.1,,f,f,2,0
220,,,f,f,2,2
221,,,f,f,1,1
233,,,f,f,1,1
236,,,f,f,1,1
243,,,f,f,1,1
244,,,f,f,1,1
256,,,f,f,1,1
257,,,f,f,1,1
262,,,f,f,1,1
272,,,f,f,2,1
288,,,f,f,1,1
289,215,,f,f,3,0
295,201.2,,f,f,3,0
296,,,f,f,1,1
299,209.1,,f,f,3,1
300,,,f,f,1,1
301,203.9,,f,f,1,0
305,196.9,,f,f,5,0
306,220.1,,f,f,3,0
325,,,f,f,1,1
326,,,f,f,1,1
327,,,f,f,1,1
332,,,f,f,1,1
335,,,f,f,1,1
347,,,f,f,1,1
350,,,f,f,1,1
380,,,f,f,1,1
424,,,f,f,1,1
429,,,f,f,1,1
430,,,f,f,1,1
440,,,f,f,1,1
477,,,f,f,1,1
479,,,f,f,1,1
491,,,f,f,1,1
492,,,f,f,1,1
655,,,f,f,1,1
667,,,f,f,1,1
682,,,f,f,1,1
880,,,f,f,1,1
895,,,f,f,1,1
896,,,f,f,1,1
899,,,f,f,1,1
902,,,f,f,1,1
916,,,f,f,1,1
944,,,f,f,1,1
954,,,f,f,1,1
987,,,f,f,1,1
999,174,,f,f,4,2
1001,201.2,,f,f,5,2
1002,,,f,f,1,1
1005,,,f,f,2,2
1012,207.9,,f,f,1,0
1013,207.9,,f,f,1,0
1035,,,f,f,1,1
1036,,,f,f,1,1
1053,,,f,f,1,1
1056,,,f,f,1,1
1108,,,f,f,1,1
1151,,,f,f,1,1
1157,,,f,f,1,1
1170,,,f,f,1,1
1183,,,f,f,1,1
1224,181.9,,f,f,3,1
1298,,,f,f,1,1
1312,,,f,f,1,1
1313,,,f,f,1,1
1327,,,f,f,1,1
1328,,,f,f,1,1
1371,,,f,f,1,1
1375,,,f,f,1,1
1392,,,f,f,1,1
1399,,,f,f,1,1
1411,,,f,f,1,1
1456,,,f,f,1,1
1457,194.9,,f,f,3,1
1459,,,f,f,2,0
1460,194.5,,f,f,5,0
1461,201.6,,f,f,4,0
1462,,,f,f,4,2
1465,1198.8,,f,f,4,0
1468,,,f,f,2,2
1482,200.8,,f,f,1,0
1485,,,f,f,2,2
1487,,,f,f,4,3
1488,193.3,,f,f,7,1
1489,201.6,,f,f,2,0
1490,191.7,,f,f,4,0
1494,193.7,,f,f,2,0
1495,197.6,,f,f,2,0
1496,,,f,f,5,5
1498,190.9,,f,f,3,1
1499,198.8,,f,f,1,0
1501,,,f,f,1,1
1505,,,f,f,2,2
1506,,,f,f,1,1
1507,193.7,,f,f,3,1
1508,200,,f,f,2,1
1510,,,f,f,1,1
1513,,,f,f,1,1
1521,,,f,f,1,1
1525,,,f,f,1,1
1526,202.8,,f,f,4,2
1527,274.8,,f,f,2,1
1529,193.3,,f,f,3,0
1530,,,f,f,1,1
1531,,,f,f,1,1
1535,,,f,f,1,1
1539,,,f,f,1,1
1569,,,f,f,1,1
1575,,,f,f,1,0
1581,237,,f,f,1,0
1590,,,f,f,1,0
1593,,,f,f,1,0
1616,287,,f,f,2,1
1633,,,f,f,1,1
1646,,,f,f,1,1
1647,,,f,f,1,1
1648,,,f,f,1,1
1656,,,f,f,1,1
1660,,,f,f,1,1
1662,,,f,f,1,1
1665,,,f,f,1,0
1673,185,,f,f,1,0
1695,207.1,,f,f,1,0
1696,194.9,,f,f,1,0
1704,,,f,f,1,1
1715,,,f,f,1,1
1723,,,f,f,1,1
1725,,,f,f,2,2
1726,,,f,f,1,1
1730,,,f,f,1,1
1750,,,f,f,1,1
1775,,,f,f,1,1
1779,,,f,f,1,1
1792,,,f,f,1,1
1804,,,f,f,1,1
1806,,,f,f,1,1
1832,,,f,f,1,1
1836,,,f,f,1,1
1837,,,f,f,1,1
1838,,,f,f,1,1
1844,,,f,f,1,1
1855,,,f,f,2,2
1856,,,f,f,1,1
1857,,,f,f,1,1
1881,,,f,f,1,1
1922,,,f,f,1,1
1942,,,f,f,1,1
1943,,,f,f,1,1
1950,,,f,f,1,1
1965,,,f,f,1,1
1975,,,f,f,1,1
2005,,,f,f,1,1
2021,,,f,f,1,1
2029,,,f,f,1,1
2031,,,f,f,1,1
2039,,,f,f,1,1
2057,203.1,,f,f,1,0
2067,283.1,,f,f,1,0
2076,,,f,f,1,1
2078,,,f,f,1,1
2079,,,f,f,1,1
2089,,,f,f,1,1
2090,,,f,f,1,1
2104,218.1,,f,f,1,0
2115,,,f,f,1,1
2122,,,f,f,1,1
2126,,,f,f,1,1
2127,,,f,f,1,1
2128,,,f,f,1,1
2129,,,f,f,1,1
2130,,,f,f,1,1
2131,,,f,f,1,1
2134,195.7,,f,f,2,0
2135,192.1,,f,f,2,0
2138,193.3,,f,f,1,0
2147,,,f,f,1,1
2152,289,,f,f,1,0
2179,,,f,f,1,1
2198,,,f,f,1,1
2248,,,f,f,1,1
2250,,,f,f,1,1
2251,,,f,f,1,1
2300,,,f,f,1,1
2301,,,f,f,1,1
2305,,,f,f,1,1
2322,,,f,f,1,1
2324,,,f,f,1,1
2330,,,f,f,1,1
2337,,,f,f,1,1
2340,,,f,f,1,0
2342,,,f,f,1,1
2358,,,f,f,1,1
2374,,,f,f,1,1
2413,,,f,f,1,1
2426,,,f,f,1,1
2451,,,f,f,1,1
2472,,,f,f,1,1
2488,,,f,f,1,1
2567,,,f,f,1,1
2576,,,f,f,1,1
2595,,,f,f,1,1
2624,,,f,f,1,1
2634,202.8,,f,f,2,1
2635,,,f,f,1,1
2637,,,f,f,1,0
2639,,,f,f,1,1
2645,,,f,f,1,1
2651,,,f,f,1,1
2652,,,f,f,1,1
2654,,,f,f,1,1
2655,,,f,f,1,1
2657,,,f,f,1,1
2658,309.4,,f,f,1,0
2664,,,f,f,5,5
2671,201.6,,f,f,1,0
2674,,,f,f,2,2
2675,202.8,,f,f,2,1
2679,195.7,,f,f,3,1
2680,196.9,,f,f,2,0
2682,,,f,f,1,0
2689,198,,f,f,5,0
2690,,,f,f,2,2
2691,196.9,,f,f,5,1
2693,200.4,,f,f,2,0
2696,279.5,,f,f,1,0
2702,,,f,f,1,1
2704,,,f,f,3,0
2722,,,f,f,1,1
2739,,,f,f,1,1
2774,,,f,f,1,1
2785,,,f,f,1,1
2790,,,f,f,1,1
2813,,,f,f,1,1
2824,,,f,f,1,1
2837,300,,f,f,1,0
2838,,,f,f,1,1
2839,300,,f,f,2,0
2850,,,f,f,1,1
2854,,,f,f,1,1
2855,,,f,f,1,1
2895,209.8,,f,f,1,0
2904,,,f,f,1,1
2905,,,f,f,1,1
2906,203.1,,f,f,1,0
2912,,,f,f,1,1
2913,,,f,f,1,1
2934,,,f,f,1,1
2942,200,,f,f,1,0
2943,,,f,f,1,1
2958,,,f,f,1,1
2959,,,f,f,1,1
2969,,,f,f,1,1
2972,,,f,f,1,0
2980,287,,f,f,1,0
2993,,,f,f,1,1
3000,,,f,f,1,1
3007,,,f,f,1,1
3017,196.9,,f,f,1,0
3020,,,f,f,1,1
3054,,,f,f,1,1
3065,202,,f,f,2,0
3075,,,f,f,1,1
3097,,,f,f,1,1
3115,194.1,,f,f,1,0
3119,,,f,f,1,1
3120,,,f,f,1,1
3127,,,f,f,1,0
3157,,,f,f,1,1
3159,,,f,f,1,1
3160,,,f,f,1,1
3172,,,f,f,1,1
3173,,,f,f,1,1
3175,,,f,f,1,1
3179,,,f,f,1,1
3180,,,f,f,1,1
3181,194.5,,f,f,3,0
3203,,,f,f,1,1
3217,,,f,f,1,1
3266,,,f,f,1,1
3271,,,f,f,1,1
3272,195.7,,f,f,2,0
3277,,,f,f,1,1
3300,,,f,f,1,1
3316,,,f,f,1,1
3317,,,f,f,1,1
3320,,,f,f,1,1
3335,,,f,f,1,0
3338,,,f,f,1,1
3351,,,f,f,1,1
3352,,,f,f,1,1
3356,203.9,,f,f,1,0
3358,,,f,f,1,1
3362,,,f,f,1,1
3376,,,f,f,1,1
3384,,,f,f,1,1
3400,192.9,,f,f,1,0
3411,198,,f,f,1,0
3415,174,,f,f,1,0
3442,,,f,f,2,2
3446,,,f,f,1,0
3450,,,f,f,1,1
3453,,,f,f,1,1
3456,,,f,f,1,1
3457,,,f,f,1,1
3467,,,f,f,1,1
3469,,,f,f,1,1
3489,198.8,,f,f,1,0
3498,131.9,,f,f,1,0
3500,,,f,f,2,2
3505,,,f,f,1,1
3509,,,f,f,1,1
3535,,,f,f,1,1
3544,,,f,f,1,1
3560,198,,f,f,1,0
3562,198,,f,f,1,0
3565,,,f,f,1,1
3571,250,,f,f,1,0
3572,250,,f,f,1,0
3634,,,f,f,1,1
3653,,,f,f,1,0
3657,,,f,f,1,1
3658,,,f,f,1,1
3659,,,f,f,1,1
3722,,,f,f,1,1
3723,,,f,f,1,1
3724,,,f,f,1,1
3725,,,f,f,1,1
3726,202,,f,f,1,0
3727,,,f,f,2,2
3730,,,f,f,1,1
3736,,,f,f,1,1
3762,,,f,f,1,1
3770,285.8,,f,f,2,0
3776,,,f,f,1,1
3777,,,f,f,1,1
3781,,,f,f,1,1
3783,,,f,f,2,0
3806,,,f,f,1,0
3816,,,f,f,1,1
3817,,,f,f,1,1
3820,,,f,f,1,1
3821,,,f,f,1,1
3823,,,f,f,2,2
3825,289,,f,f,1,0
3828,200,,f,f,1,0
3835,227.2,,f,f,1,0
3838,,,f,f,1,1
3840,,,f,f,1,1
3842,,,f,f,1,0
3856,,,f,f,1,1
3857,,,f,f,1,1
3863,,,f,f,1,1
3864,,,f,f,1,1
3872,,,f,f,1,1
3874,,,f,f,1,1
3905,,,f,f,1,1
3914,205.1,,f,f,1,0
3928,,,f,f,1,1
3937,,,f,f,1,1
3946,,,f,f,1,1
3955,,,f,f,1,1
3957,,,f,f,1,1
3963,198,,f,f,1,0
3965,,,f,f,1,0
3995,,,f,f,1,1
3999,,,f,f,1,1
4020,,,f,f,1,1
4028,,,f,f,1,1
4042,193.3,,f,f,3,0
4043,198,,f,f,1,0
4048,196.1,,f,f,1,0
4051,,,f,f,1,1
4058,,,f,f,1,1
4059,,,f,f,1,1
4060,,,f,f,1,1
4061,277.2,,f,f,1,0
4062,,,f,f,1,0
4069,,,f,f,2,2
4070,,,f,f,1,1
4073,,,f,f,1,1
4074,,,f,f,1,1
4080,,,f,f,1,0
4084,,,f,f,1,1
4099,,,f,f,2,2
4102,,,f,f,1,1
4103,201.6,,f,f,2,0
4104,201.6,,f,f,2,0
4105,201.6,,f,f,2,1
4106,194.5,,f,f,1,0
4107,,,f,f,1,1
4108,,,f,f,2,2
4110,,,f,f,2,0
4128,,,f,f,1,0
4130,,,f,f,1,1
4131,,,f,f,1,1
4133,,,f,f,1,1
4134,,,f,f,1,1
4141,,,f,f,1,1
4161,,,f,f,1,1
4162,,,f,f,1,1
4167,,,f,f,1,1
4177,222.8,,f,f,1,0
4182,,,f,f,1,0
4184,,,f,f,1,0
4189,,,f,f,1,1
4198,,,f,f,2,2
4203,,,f,f,1,1
4234,,,f,f,1,1
4235,,,f,f,1,1
4236,,,f,f,1,1
4237,199.2,,f,f,4,2
4238,198,,f,f,2,0
4239,222,,f,f,4,3
4241,,,f,f,2,0
4243,196.9,,f,f,1,0
4244,200.4,,f,f,2,0
4247,,,f,f,2,2
4250,,,f,f,2,0
4251,206.3,,f,f,1,0
4261,,,f,f,1,1
4266,201.6,,f,f,1,0
4272,,,f,f,2,0
4273,209.8,,f,f,1,0
4274,196.9,,f,f,5,0
4275,,,f,f,2,2
4279,179.9,,f,f,2,0
4281,199.2,,f,f,1,0
4283,199.2,,f,f,5,0
4284,196.9,,f,f,5,2
4285,196.9,,f,f,1,0
4287,201.6,,f,f,1,0
4289,,,f,f,1,0
4291,194.5,,f,f,1,0
4292,,,f,f,1,1
4295,206.3,,f,f,1,0
4296,194.5,,f,f,3,0
4297,,,f,f,2,0
4299,190.9,,f,f,2,0
4300,200.4,,f,f,2,0
4302,194.5,,f,f,2,0
4304,196.9,,f,f,2,0
4305,179.9,,f,f,2,0
4306,195.7,,f,f,2,0
4307,175.2,,f,f,4,0
4308,212.6,,f,f,6,1
4309,184.6,,f,t,3,0
4311,199.2,,f,f,6,2
4312,196.9,,f,f,7,3
4314,181.1,,f,f,3,0
4316,198,,f,f,2,0
4328,178.7,,f,f,6,0
4329,,,f,f,2,0
4331,198,,f,f,1,0
4332,187.4,,f,f,3,0
4334,,,f,f,2,0
4335,195.7,,f,f,2,0
4336,,,f,f,2,0
4338,208.7,,f,f,1,0
4341,192.1,,f,f,1,0
4342,198,,f,f,1,0
4343,194.5,,f,f,4,2
4344,,,f,f,1,0
4358,,,f,f,2,2
4361,196.9,,f,f,1,0
4364,337.4,,f,f,1,0
4369,195.7,,f,f,1,0
4370,248.4,,f,f,1,0
4372,195.7,,f,f,2,1
4384,,,f,f,1,1
4386,200.4,,f,f,1,0
4387,200.4,,f,f,2,0
4390,,,f,f,1,1
4391,,,f,f,2,2
4392,,,f,f,2,0
4393,195.7,,f,f,2,0
4396,200.4,,f,f,1,0
4398,190.9,,f,f,2,0
4403,,,f,f,2,0
4415,216.1,,f,f,1,0
4416,,,f,f,1,1
4422,,,f,f,1,1
4423,,,f,f,1,1
4436,,,f,f,1,1
4437,200.4,,f,f,2,1
4439,192.1,,f,f,3,1
4440,274.8,,f,f,1,0
4445,193.3,,f,f,2,0
4447,174,,f,f,1,0
4449,,,f,f,1,0
4452,190.2,,f,f,12,4
4453,,,f,f,2,2
4454,,,f,f,1,1
4455,186.6,,f,f,6,0
4456,,,f,f,1,1
4459,,82012,f,f,2,2
4461,,,f,f,2,2
4473,,,f,f,1,1
4503,,,f,f,1,1
4517,,,f,f,3,1
4521,,,f,f,2,0
4529,,,f,f,1,0
4538,,,f,f,1,1
4549,,,f,f,2,0
4565,,,f,f,1,1
4574,,,f,f,2,0
4594,,,f,f,1,1
4601,,,f,f,1,0
4603,,,f,f,1,0
4627,,,f,f,1,1
4628,,,f,f,1,1
4629,,,f,f,1,1
4633,,,f,f,1,1
4638,,,f,f,1,1
4641,,,f,f,2,2
4645,,,f,f,2,0
4647,167.7,,f,f,1,0
4649,,,f,f,1,0
4650,172.8,,f,f,1,0
4652,,,f,f,1,1
4653,,,f,f,2,0
4656,,,f,f,1,1
4658,207.5,,f,f,3,0
4660,215.7,,f,f,2,0
4663,252,,f,f,2,0
4667,220.5,,f,f,1,0
4676,3933.1,,f,f,2,0
4677,3933.1,,f,f,2,0
4680,,98106,f,f,1,1
4682,193.7,,f,f,1,0
4689,173.6,,f,f,1,0
4690,,,f,f,1,1
4704,197.6,,f,f,1,0
4705,199.2,,f,f,2,1
4706,,,f,f,2,2
4708,,,f,f,2,2
4709,197.6,,f,f,1,0
4714,3933.1,,f,f,1,0
4720,1187.8,,f,f,1,0
4727,,,f,f,2,2
4741,,,f,f,2,0
4754,,,f,f,1,1
4763,,,f,f,1,1
4768,,,f,f,2,2
4770,,,f,f,1,1
4771,,,f,f,1,1
4775,,,f,f,1,1
4812,,98106,f,f,1,1
4825,,,f,f,1,1
4830,,,f,f,1,1
4832,,,f,f,1,1
4837,,,f,f,1,1
4838,,,f,f,1,1
4845,,83996,f,f,1,1
4846,,,f,f,1,1
4851,,,f,f,1,1
4853,,76941,f,f,1,1
4855,,,f,f,1,1
4861,,,f,f,1,1
4862,,,f,f,1,1
4863,178,85760,f,f,1,0
4864,,,f,f,1,1
4865,,,f,f,1,1
4881,,,f,f,1,1
4884,,,f,f,1,1
4890,,,f,f,1,1
4903,,,f,f,2,2
4909,,,f,f,1,1
4910,,,f,f,1,1
4911,,,f,f,1,1
4916,,,f,f,2,2
4917,,,f,f,1,1
4919,,,f,f,1,1
4938,,,f,f,1,1
4939,,,f,f,1,1
4948,192.1,,f,f,3,2
4969,193.7,,f,f,1,0
4974,1187.8,,f,f,1,0
4976,1187.8,,f,f,2,0
4978,1187.8,,f,f,1,0
4982,,,f,f,13,13
4985,,,f,f,1,1
4986,,,f,f,1,1
4989,,,f,f,1,0
4992,,,f,f,1,0
4999,,,f,f,1,1
5003,,,f,f,1,1
5017,,,f,f,1,1
5018,,,f,f,1,1
5019,,,f,f,1,1
5034,,,f,f,2,2
5037,,,f,f,2,2
5040,,,f,f,1,1
5041,,,f,f,2,0
5044,,,f,f,2,2
5049,,,f,f,2,0
5066,,65918,f,f,8,7
5067,,,f,f,1,1
5068,,,f,f,1,1
5071,3933.1,,f,f,1,0
5074,,65918,f,f,1,1
5081,,,f,f,1,1
5088,,,f,f,1,1
5101,,,f,f,1,1
5112,,,f,f,1,1
5126,,,f,f,1,1
5138,3933.1,,f,f,1,0
5154,196.9,,f,f,1,0
5164,,,f,f,1,1
5171,,,f,f,2,2
5181,,,f,f,1,1
5201,,,f,f,1,1
5203,,,f,f,1,1
5211,3933.1,,f,f,2,0
5212,3933.1,,f,f,1,0
5219,,,f,f,3,3
5224,,,f,f,1,1
5225,,,f,f,1,1
5234,,,f,f,1,1
5236,,,f,f,1,1
5263,,,f,f,1,0
5275,,,f,f,2,0
5277,,,f,f,1,0
5298,,,f,f,1,1
5309,,,f,f,1,1
5311,,,f,f,1,1
5313,,,f,f,1,1
5320,,,f,f,1,1
5322,,,f,f,1,1
5325,,,f,f,1,1
5326,,,f,f,1,1
5335,,,f,f,1,1
5344,,,f,f,5,3
5345,,,f,f,1,1
5346,,,f,f,1,1
5347,,,f,f,1,1
5348,,,f,f,1,1
5349,,,f,f,1,1
5350,,,f,f,1,1
5352,,46077,f,f,1,1
5353,,46077,f,f,1,1
5357,,,f,f,1,1
5358,,,f,f,1,1
5359,,,f,f,1,1
5360,,82012,f,f,1,1
5361,,87744,f,f,1,1
5368,,79146,f,f,1,1
5371,,,f,f,1,1
5372,,,f,f,1,1
5373,,,f,f,2,2
5374,,,f,f,1,1
5377,,,f,f,1,1
5378,,70989,f,f,1,1
5388,,,f,f,1,1
5397,194.9,,f,f,2,0
5402,,,f,f,1,1
5403,,,f,f,1,1
5404,,,f,f,1,1
5406,,,f,f,1,1
5407,,,f,f,1,1
5408,,,f,f,2,0
5409,,,f,f,1,1
5416,,,f,f,1,1
5424,182.7,,f,f,1,0
5437,,,f,f,1,1
5440,,,f,f,1,1
5442,,,f,f,1,1
5444,,,f,f,2,2
5446,,,f,f,4,4
5448,,,f,f,1,1
5451,,,f,f,1,1
5452,,,f,f,1,1
5456,,,f,f,1,1
5457,,,f,f,1,1
5458,,,f,f,1,1
5463,,,f,f,1,1
5464,,,f,f,1,1
5465,,,f,f,1,1
5466,,,f,f,1,1
5467,,,f,f,1,1
5468,,,f,f,1,1
5471,,,f,f,1,1
5473,,,f,f,1,1
5474,,,f,f,1,1
5476,,83555,f,f,1,1
5477,,,f,f,1,1
5478,,,f,f,1,1
5479,,,f,f,1,1
5481,,,f,f,1,1
5483,,,f,f,3,3
5485,,,f,f,1,1
5486,,,f,f,1,1
5503,,,f,f,1,1
5515,,,f,f,2,0
5527,,75839,f,f,1,1
5528,,,f,f,1,1
5532,,,f,f,1,1
5533,,,f,f,1,1
5534,,,f,f,1,1
5535,,,f,f,1,1
5536,,,f,f,1,1
5537,,,f,f,1,1
5538,,,f,f,4,4
5539,,,f,f,3,0
5540,,,f,f,9,5
5542,,,f,f,1,1
5555,,,f,f,2,0
5556,,,f,f,2,0
5557,,,f,f,1,0
5564,191.7,,f,f,3,1
5565,,,f,f,2,0
5578,194.9,,f,f,4,1
5579,201.6,,f,f,1,0
5581,,,f,f,1,1
5584,,,f,f,1,1
5586,,,f,f,1,1
5602,,,f,f,2,0
5609,213,,f,f,2,0
5611,,,f,f,2,0
5617,,,f,f,2,0
5618,,,f,f,2,0
5624,201.6,,f,f,1,0
5630,200,,f,f,1,0
5631,,,f,f,3,3
5635,189,,f,f,2,1
5637,,,f,f,1,1
5641,,,f,f,1,1
5647,194.9,,f,f,5,1
5655,,,f,f,2,2
5661,,,f,f,2,2
5686,,,f,f,2,2
5693,,,f,f,1,1
5700,,,f,f,1,1
5701,,,f,f,1,1
5702,,,f,f,1,1
5705,,,f,f,1,1
5707,,,f,f,1,1
5714,,,f,f,1,1
5719,,,f,f,1,1
5720,,,f,f,1,1
5721,,,f,f,1,1
5722,,,f,f,1,1
5724,,,f,f,1,1
5725,,,f,f,1,1
5726,198.8,,f,f,5,3
5728,,,f,f,1,1
5732,,,f,f,3,3
5735,,,f,f,2,2
5740,202.8,,f,f,1,0
5742,,,f,f,2,2
5747,,,f,f,4,4
5751,,,f,f,1,1
5755,189,,f,f,2,0
5761,,,f,f,1,1
5762,,,f,f,1,1
5763,,,f,f,1,1
5769,,,f,f,2,2
5770,,,f,f,2,2
5771,,,f,f,1,1
5773,,,f,f,1,1
5776,,,f,f,1,1
5777,,,f,f,1,1
5778,,,f,f,1,1
5779,,80689,f,f,1,1
5780,,83114,f,f,1,1
5782,,,f,f,1,1
5785,,,f,f,1,1
5787,,,f,f,1,1
5788,,,f,f,1,1
5789,,,f,f,1,1
5790,,,f,f,1,1
5791,,,f,f,1,1
5792,,,f,f,1,1
5793,,85760,f,f,1,1
5794,,,f,f,2,2
5805,,,f,f,1,1
5806,,,f,f,1,1
5807,,,f,f,1,1
5809,,,f,f,1,1
5812,,,f,f,2,2
5813,,,f,f,1,1
5814,,,f,f,1,1
5817,,,f,f,1,1
5828,,,f,f,1,1
5832,,,f,f,2,2
5833,,,f,f,1,1
5835,,,f,f,1,1
5843,,,f,f,3,2
5844,,,f,f,1,1
5852,,,f,f,2,2
5865,,,f,f,1,1
5875,,,f,f,1,1
5876,,74075,f,f,2,2
5877,,74075,f,f,1,1
5878,,,f,f,1,1
5880,,,f,f,1,1
5882,,,f,f,1,1
5885,,,f,f,1,1
5892,,,f,f,1,1
5902,,,f,f,1,1
5905,,,f,f,1,1
5907,,,f,f,2,0
5908,,,f,f,1,1
5920,,78484,f,f,1,1
5922,,,f,f,1,1
5923,,,f,f,2,0
5926,,,f,f,2,0
5927,,,f,f,1,1
5936,,,f,f,2,1
5942,,,f,f,2,2
5949,,,f,f,1,1
5957,,,f,f,2,2
5958,,,f,f,1,1
5961,,83996,f,f,2,2
5962,,,f,f,1,1
5965,,,f,f,1,1
5966,,,f,f,1,1
5967,,,f,f,1,1
5969,,83996,f,f,1,1
5973,,,f,f,1,1
5985,,,f,f,1,1
5987,,,f,f,1,1
5994,,,f,f,1,1
5999,,,f,f,1,1
6000,,,f,f,1,1
6002,,,f,f,1,1
6003,,,f,f,1,1
6004,,,f,f,1,1
6005,,,f,f,1,1
6006,,,f,f,1,1
6007,,,f,f,2,0
6012,292.9,,f,f,2,0
6013,,,f,f,1,1
6014,,,f,f,2,2
6021,,,f,f,1,1
6036,,,f,f,2,1
6040,,,f,f,1,1
6041,,,f,f,1,1
6044,,,f,f,1,1
6047,,,f,f,1,1
6048,,,f,f,1,1
6049,,,f,f,1,1
6057,191.7,,f,f,1,0
6058,191.7,,f,f,1,0
6059,,,f,f,4,4
6060,,,f,f,1,1
6063,,,f,f,2,2
6065,,,f,f,1,1
6073,,,f,f,2,2
6082,,,f,f,1,0
6087,,,f,f,1,1
6092,,,f,f,1,1
6096,,,f,f,1,1
6097,,,f,f,1,1
6107,,,f,f,1,0
6112,,,f,f,1,1
6113,,,f,f,1,1
6117,,29101,f,f,1,1
6118,,,f,f,1,1
6138,,,f,f,4,4
6139,,,f,f,1,1
6144,,,f,f,1,1
6147,,,f,f,1,1
6164,,,f,f,1,1
6165,,,f,f,1,1
6171,194.1,,f,f,6,4
6172,192.9,,f,f,8,2
6179,194.9,,f,f,1,0
6187,,,f,f,1,1
6189,200,,f,f,2,1
6190,,,f,f,4,4
6191,,,f,f,2,2
6194,200.8,,f,f,2,0
6195,200.8,,f,f,2,0
6198,192.9,,f,f,6,0
6199,,,f,f,3,3
6200,192.1,,f,f,6,4
6203,187,,f,f,2,0
6204,187,,f,f,3,1
6206,194.1,,f,f,1,0
6208,278,,f,f,4,3
6209,195.7,,f,f,1,0
6210,,,f,f,1,1
6211,,,f,f,1,1
6213,289.8,,f,f,1,0
6214,278.7,,f,f,2,0
6217,201.6,,f,f,2,1
6220,,,f,f,1,1
6225,,,f,f,2,2
6228,190.9,,f,f,4,0
6237,211.8,,f,f,1,0
6239,,,f,f,1,1
6241,,,f,f,1,1
6253,,,f,f,2,2
6254,,,f,f,1,1
6255,198.8,,f,f,2,0
6256,198.8,,f,f,1,0
6258,,,f,f,2,2
6260,,,f,f,3,3
6268,276,,f,f,1,0
6269,,,f,f,2,2
6272,,,f,f,1,1
6298,,,f,f,1,1
6299,,,f,f,1,1
6306,,,f,f,2,2
6307,,,f,f,1,1
6310,179.9,,f,f,2,0
6314,194.1,,f,f,7,5
6315,,,f,f,4,3
6316,,,f,f,6,2
6318,,118168,f,f,1,0
6319,192.9,,f,f,7,4
6320,324,,f,f,4,2
6321,183.9,,f,f,1,0
6324,194.1,,f,f,3,1
6325,200,,f,f,5,3
6326,178,,f,f,2,0
6327,178,,f,f,3,0
6328,,,f,f,2,2
6329,194.1,,f,f,2,0
6330,,,f,f,2,2
6335,190.9,,f,f,3,1
6336,181.1,,f,f,2,0
6337,,,f,f,1,1
6341,,,f,f,1,1
6342,,,f,f,1,1
6344,196.9,,f,f,3,0
6345,311.8,,f,f,4,2
6346,,,f,f,2,2
6347,196.1,,f,f,1,0
6348,,,f,f,2,2
6349,188.2,,f,f,2,0
6352,196.1,,f,f,3,1
6354,,,f,f,2,2
6355,185,,f,f,5,2
6356,190.2,,f,f,4,0
6357,,,f,f,2,2
6359,174.8,,f,f,7,2
6360,185.8,,f,f,2,0
6361,189,,f,f,1,0
6362,203.9,,f,f,3,1
6363,172.8,,f,f,3,0
6364,192.5,,f,f,2,0
6365,181.9,,f,f,4,1
6366,172,,f,f,5,0
6367,185,,f,f,6,1
6368,166.9,,f,f,7,0
6369,170.9,,f,f,9,1
6370,185,,f,f,6,0
6371,185.8,,f,f,2,0
6372,174,,f,f,3,0
6373,564.2,,f,f,2,1
6374,174.8,,f,f,5,1
6375,196.1,,f,f,2,1
6377,196.9,,f,f,6,2
6379,,,f,f,1,0
6383,277.2,,f,f,2,0
6384,,,f,f,1,1
6386,,,f,f,1,1
6387,,,f,f,2,0
6388,181.9,,f,f,3,2
6390,194.1,,f,f,5,0
6391,215,,f,f,2,1
6392,,,f,f,3,3
6393,,,f,f,1,0
6394,192.9,,f,f,1,0
6396,,,f,f,2,2
6397,,,f,f,1,1
6412,,,f,f,1,1
6424,,,f,f,1,1
6432,,,f,f,1,1
6453,,,f,f,1,0
6462,,,f,f,1,0
6475,,,f,f,1,0
6480,278,,f,f,1,0
6481,,,f,f,1,1
