node_id,geom,degree,component
1,POINT(-158.240268000439 21.5468119996357),1,
2,POINT(-158.22920300013 21.5054890000585),2,
3,POINT(-158.228554999502 21.5108759997744),2,
4,POINT(-158.228141000123 21.4824990003175),2,
5,POINT(-158.217034999807 21.4718580001185),2,
6,POINT(-158.212874999642 21.4640530002156),2,
7,POINT(-158.208156999261 21.4609080001384),2,
8,POINT(-158.200923000127 21.4569920001908),2,
9,POINT(-158.190634000493 21.4494899999082),2,
10,POINT(-158.190319999775 21.4491689997027),2,
11,POINT(-158.187208000273 21.4430530000592),2,
12,POINT(-158.163470000025 21.3967259997387),2,
13,POINT(-158.142611999477 21.3788130003158),2,
14,POINT(-158.119778999776 21.3443619999455),2,
15,POINT(-158.118053000145 21.3211009995856),1,
16,POINT(-158.114641999993 21.3178150004416),2,
17,POINT(-158.112352000298 21.3133230002622),2,
18,POINT(-158.102488999738 21.5819830001178),2,
19,POINT(-158.102379999958 21.5751249993042),2,
20,POINT(-158.100274999313 21.5925250000136),2,
21,POINT(-158.099845000041 21.6018460001465),2,
22,POINT(-158.099688999507 21.5996730007072),2,
23,POINT(-158.099452000579 21.3135119995081),2,
24,POINT(-158.09078300027 21.326849999785),2,
25,POINT(-158.090569999835 21.3322709995164),2,
26,POINT(-158.090008000318 21.3285519998509),2,
27,POINT(-158.089530999394 21.3321209994734),4,
28,POINT(-158.08916600042 21.332123000189),3,
29,POINT(-158.084820000482 21.3342069997169),2,
30,POINT(-158.079832000663 21.3400179997914),2,
31,POINT(-158.063550000205 21.556336000014),2,
32,POINT(-158.063115999837 21.6461109999538),2,
33,POINT(-158.052495999767 21.5023930000221),2,
34,POINT(-158.051884000022 21.500366999813),2,
35,POINT(-158.05096699978 21.4966149997816),2,
36,POINT(-158.050807999771 21.4959029998239),2,
37,POINT(-158.049052999828 21.4936440004087),2,
38,POINT(-158.042711999749 21.5117590001507),2,
39,POINT(-158.042576000204 21.5119170001936),2,
40,POINT(-158.040561999795 21.5150130005096),2,
41,POINT(-158.039644999553 21.488653000022),2,
42,POINT(-158.03916000003 21.5269029998878),2,
43,POINT(-158.037579000164 21.3806240001455),2,
44,POINT(-158.037311000375 21.6768839997962),2,
45,POINT(-158.033460000007 21.4898550003875),3,
46,POINT(-158.033006000446 21.4899509996353),2,
47,POINT(-158.032971000286 21.3832329994026),2,
48,POINT(-158.030911999671 21.6822240000133),2,
49,POINT(-158.030402999858 21.4901100004966),2,
50,POINT(-158.029360999942 21.4891160004878),2,
51,POINT(-158.027934999887 21.4869609999866),2,
52,POINT(-158.027619000418 21.3862630000621),2,
53,POINT(-158.026661999993 21.479941999572),2,
54,POINT(-158.026222000675 21.4880280001766),2,
55,POINT(-158.025785999759 21.3873010000313),2,
56,POINT(-158.025321000327 21.4852690003434),2,
57,POINT(-158.023744000659 21.4625849994682),2,
58,POINT(-158.019005000362 21.4759100003593),2,
59,POINT(-158.016592999569 21.4564179994974),2,
60,POINT(-158.015689000644 21.4512560000941),2,
61,POINT(-158.013526000272 21.4439800000746),2,
62,POINT(-158.013233000369 21.4737690006333),2,
63,POINT(-158.012936000268 21.4417259998992),2,
64,POINT(-158.012767000214 21.4282370001446),2,
65,POINT(-158.012306999906 21.3939660004219),2,
66,POINT(-158.007989000457 21.4701140000762),2,
67,POINT(-158.007653999823 21.4223190003825),2,
68,POINT(-158.006544000135 21.4205739997981),2,
69,POINT(-158.005825999186 21.4194520002608),2,
70,POINT(-158.005453000714 21.3983779999617),2,
71,POINT(-158.002944999662 21.4646190003078),2,
72,POINT(-157.999954000533 21.4105519996742),2,
73,POINT(-157.999372000027 21.4628809998479),2,
74,POINT(-157.99852400028 21.462521999259),2,
75,POINT(-157.998330000111 21.3988380000411),2,
76,POINT(-157.997110999746 21.4619189993419),2,
77,POINT(-157.99674099985 21.3985009995629),2,
78,POINT(-157.995414999354 21.4345829995736),2,
79,POINT(-157.994708000072 21.6970289994684),2,
80,POINT(-157.994396000801 21.3979959996432),2,
81,POINT(-157.992384000042 21.3990620005522),2,
82,POINT(-157.989518000586 21.4098790003463),2,
83,POINT(-157.989423000152 21.3938100003562),2,
84,POINT(-157.989023000119 21.4064369992918),2,
85,POINT(-157.988166000151 21.4037959999857),2,
86,POINT(-157.988130999991 21.3935299994349),2,
87,POINT(-157.987510000025 21.3943120002955),2,
88,POINT(-157.986396999964 21.3953829996711),2,
89,POINT(-157.986123000328 21.3954909999881),2,
90,POINT(-157.985178999423 21.3967859997453),2,
91,POINT(-157.984824999421 21.3958499998491),2,
92,POINT(-157.984231999943 21.3960590006832),3,
93,POINT(-157.983734 21.3961090000821),2,
94,POINT(-157.983687000145 21.3953239994333),2,
95,POINT(-157.978055999719 21.3957460003272),2,
96,POINT(-157.976664999824 21.3958510001899),2,
97,POINT(-157.974570999948 21.3953530002194),2,
98,POINT(-157.970346000384 21.3939060000946),2,
99,POINT(-157.961947999339 21.3912360003416),2,
100,POINT(-157.955715999938 21.679847999894),2,
101,POINT(-157.954517999488 21.3872209998475),2,
102,POINT(-157.954245999502 21.6786599993365),2,
103,POINT(-157.954132999524 21.3932319998848),2,
104,POINT(-157.946295000142 21.3834530003621),2,
105,POINT(-157.943467000322 21.3468720001818),1,
106,POINT(-157.939389999998 21.3439030000691),2,
107,POINT(-157.937907000041 21.34348900008),2,
108,POINT(-157.935744999494 21.3685699995567),2,
109,POINT(-157.935687999593 21.3424549994642),2,
110,POINT(-157.935656000704 21.378134000202),2,
111,POINT(-157.935580999463 21.3527920001801),2,
112,POINT(-157.935553999699 21.3423829996758),2,
113,POINT(-157.935244999902 21.3512250005283),2,
114,POINT(-157.934838000196 21.3492279998751),2,
115,POINT(-157.934634999807 21.3704849997688),2,
116,POINT(-157.93461200024 21.3482340002925),2,
117,POINT(-157.934040000678 21.3416569997639),2,
118,POINT(-157.933992999924 21.3768250002255),2,
119,POINT(-157.933739000379 21.3720130004698),2,
120,POINT(-157.933723000486 21.3453169998631),2,
121,POINT(-157.933514999175 21.3723959997003),2,
122,POINT(-157.933434000781 21.3437409993758),2,
123,POINT(-157.933351999867 21.3761780002496),3,
124,POINT(-157.933216000323 21.372905000469),2,
125,POINT(-157.933012000108 21.3732970001489),2,
126,POINT(-157.931653 21.340935999838),2,
127,POINT(-157.931490999619 21.3758799996542),2,
128,POINT(-157.931348999328 21.3406069998394),3,
129,POINT(-157.931334999983 21.3405979992314),4,
130,POINT(-157.930534999917 21.3401909999798),3,
131,POINT(-157.930121999465 21.3399910003675),2,
132,POINT(-157.929047999762 21.3397430000343),2,
133,POINT(-157.92878800037 21.3752240003663),2,
134,POINT(-157.928694000658 21.3792599999711),2,
135,POINT(-157.928102999931 21.3784590002602),2,
136,POINT(-157.92809399971 21.3784470005978),2,
137,POINT(-157.92805899955 21.3783999998889),2,
138,POINT(-157.927740000606 21.3745899996356),2,
139,POINT(-157.927358000117 21.3743369993693),2,
140,POINT(-157.927030000054 21.3687510003675),3,
141,POINT(-157.926430000004 21.376185000231),2,
142,POINT(-157.925712999778 21.3732489998006),2,
143,POINT(-157.923065999708 21.3383399997462),2,
144,POINT(-157.922257000319 21.3721690003516),2,
145,POINT(-157.921636000353 21.3721829998609),2,
146,POINT(-157.920081999353 21.3722060005458),2,
147,POINT(-157.919844999527 21.6459010000022),2,
148,POINT(-157.917559000029 21.3715450006637),2,
149,POINT(-157.912282999431 21.3694050000091),2,
150,POINT(-157.910073999927 21.3364030006306),2,
151,POINT(-157.909737000541 21.3363530000893),2,
152,POINT(-157.90841000022 21.3684659998862),2,
153,POINT(-157.908282999999 21.6076680001725),2,
154,POINT(-157.907633000619 21.3684309998036),2,
155,POINT(-157.90743900045 21.336008000408),2,
156,POINT(-157.905217999453 21.3356749997349),2,
157,POINT(-157.899007999793 21.3567400006138),2,
158,POINT(-157.898092000274 21.3346190001242),2,
159,POINT(-157.897878000014 21.334588000016),2,
160,POINT(-157.896395999883 21.3520440000816),2,
161,POINT(-157.896390000035 21.3521899997788),2,
162,POINT(-157.896379999989 21.3343940006748),3,
163,POINT(-157.8950340003 21.3337510004761),2,
164,POINT(-157.894132999951 21.333537000597),2,
165,POINT(-157.893999000057 21.334128999672),2,
166,POINT(-157.89122200029 21.3231990000007),2,
167,POINT(-157.890258999119 21.3325319999451),2,
168,POINT(-157.89011800045 21.332471999551),2,
169,POINT(-157.889822999999 21.3323449999607),2,
170,POINT(-157.8892210003 21.3168150002978),2,
171,POINT(-157.887694999787 21.3307499999575),2,
172,POINT(-157.887670999498 21.3276620001204),2,
173,POINT(-157.887019000468 21.3294489997446),2,
174,POINT(-157.886758000352 21.32876599947),3,
175,POINT(-157.886738000261 21.3287139997477),4,
176,POINT(-157.886010999989 21.3095149993133),2,
177,POINT(-157.885401000792 21.5795729995439),2,
178,POINT(-157.885118999862 21.3396900001313),2,
179,POINT(-157.883907999892 21.5779680004306),2,
180,POINT(-157.883771999449 21.3377560001397),2,
181,POINT(-157.883234000222 21.308181000013),2,
182,POINT(-157.883153999856 21.3370080003075),4,
183,POINT(-157.882917999855 21.3368650002744),3,
184,POINT(-157.882458000446 21.3081529996506),2,
185,POINT(-157.88216200017 21.3242439998694),3,
186,POINT(-157.880259999913 21.3070439995702),2,
187,POINT(-157.879430000608 21.3215519995852),2,
188,POINT(-157.878525000062 21.3359330002244),2,
189,POINT(-157.876792999685 21.3063539997076),2,
190,POINT(-157.875537999334 21.330888999466),2,
191,POINT(-157.875025000222 21.3346200000466),2,
192,POINT(-157.874846999946 21.3314729996344),2,
193,POINT(-157.874342000331 21.3150430000066),2,
194,POINT(-157.874146000513 21.3320459998129),2,
195,POINT(-157.873200999783 21.3136830006885),2,
196,POINT(-157.872867999697 21.3331040002385),2,
197,POINT(-157.872750999521 21.3331990005116),2,
198,POINT(-157.871718999652 21.3340790000291),2,
199,POINT(-157.871380000616 21.3033039999186),1,
200,POINT(-157.869700999943 21.3362709998675),2,
201,POINT(-157.86854600005 21.3378200004851),2,
202,POINT(-157.867884999901 21.3397350000975),2,
203,POINT(-157.867362000742 21.3263640000793),2,
204,POINT(-157.867338000453 21.3141179998867),2,
205,POINT(-157.866349000241 21.3469320005416),2,
206,POINT(-157.86563299984 21.3137839996919),2,
207,POINT(-157.864223000577 21.3078079997998),2,
208,POINT(-157.863759000071 21.3070540006724),2,
209,POINT(-157.861607000468 21.3504119994704),2,
210,POINT(-157.861572999235 21.3229479997281),2,
211,POINT(-157.861170999552 21.3510119991867),2,
212,POINT(-157.858004999622 21.2950540003551),2,
213,POINT(-157.856529000237 21.3128180004551),2,
214,POINT(-157.856444999673 21.3128830000305),3,
215,POINT(-157.855520999758 21.3136209999899),2,
216,POINT(-157.855189000396 21.3139269996202),2,
217,POINT(-157.85441499937 21.3146400004038),2,
218,POINT(-157.853163000291 21.3159260005838),2,
219,POINT(-157.852443000591 21.3110700007883),2,
220,POINT(-157.850245000059 21.5541049994238),2,
221,POINT(-157.848117999672 21.3213840000757),2,
222,POINT(-157.848052000448 21.2909380000645),2,
223,POINT(-157.84651400024 21.3049109999882),2,
224,POINT(-157.845556999815 21.3281259996098),2,
225,POINT(-157.845047000177 21.4822189998412),2,
226,POINT(-157.842083999738 21.541730000047),2,
227,POINT(-157.841723999888 21.2890310003121),2,
228,POINT(-157.841394000175 21.5397400002586),2,
229,POINT(-157.841312999985 21.3339650000431),2,
230,POINT(-157.839205999689 21.3025070000687),2,
231,POINT(-157.837964999582 21.4571150005828),2,
232,POINT(-157.836507000638 21.3021269995089),2,
233,POINT(-157.835910000063 21.2848899998265),2,
234,POINT(-157.835263000158 21.3017309998092),2,
235,POINT(-157.835172999746 21.2851110004235),2,
236,POINT(-157.835140000134 21.3016700000713),2,
237,POINT(-157.832804000408 21.2855639992569),1,
238,POINT(-157.832771999723 21.443044999918),2,
239,POINT(-157.832567000582 21.3424940002064),2,
240,POINT(-157.830603999328 21.3452849996564),2,
241,POINT(-157.8291709996 21.4020479997438),2,
242,POINT(-157.820159000059 21.2934340003429),2,
243,POINT(-157.818182999284 21.2912049999353),2,
244,POINT(-157.816292999622 21.3916050001275),2,
245,POINT(-157.81429400018 21.2888150000817),2,
246,POINT(-157.814146000042 21.4179529997244),2,
247,POINT(-157.813470999649 21.4168080006025),2,
248,POINT(-157.813212999906 21.392619999848),2,
249,POINT(-157.813089000058 21.3785539995747),2,
250,POINT(-157.812546999735 21.2873920004451),2,
251,POINT(-157.812319999954 21.2871340000474),2,
252,POINT(-157.81075900018 21.3541779996224),2,
253,POINT(-157.810289999651 21.3971549997468),2,
254,POINT(-157.810233999575 21.4130909997089),2,
255,POINT(-157.808517000165 21.4019889996863),2,
256,POINT(-157.807120000422 21.4043800005373),2,
257,POINT(-157.80705599995 21.403034999939),6,
258,POINT(-157.807052999577 21.4029580000389),3,
259,POINT(-157.806831999644 21.4031389992943),2,
260,POINT(-157.805482000655 21.4036089998171),2,
261,POINT(-157.801574000386 21.28095600021),2,
262,POINT(-157.801314999919 21.2808240006717),2,
263,POINT(-157.799747000473 21.4027080003659),2,
264,POINT(-157.797547000291 21.3952190000285),2,
265,POINT(-157.797161999428 21.3935110001834),2,
266,POINT(-157.793985999453 21.2785230006884),2,
267,POINT(-157.793745000326 21.3824899996751),2,
268,POINT(-157.793725999162 21.3661620006645),2,
269,POINT(-157.791847000268 21.3858880002399),2,
270,POINT(-157.790239999565 21.3843099996038),2,
271,POINT(-157.78724100004 21.3813639996625),2,
272,POINT(-157.785158999859 21.3793260006634),2,
273,POINT(-157.780750999997 21.3749629998359),4,
274,POINT(-157.780617000103 21.3751110002418),3,
275,POINT(-157.779733000371 21.2779130004685),2,
276,POINT(-157.768263999832 21.4032639996521),2,
277,POINT(-157.766638999585 21.3772229997469),2,
278,POINT(-157.761580000518 21.4224489993423),2,
279,POINT(-157.760207000167 21.4302349996059),2,
280,POINT(-157.757052999933 21.4354720005934),1,
281,POINT(-157.756070999394 21.3807880002572),4,
282,POINT(-157.755914999758 21.3809569998894),3,
283,POINT(-157.75511899989 21.277847000186),2,
284,POINT(-157.745428999582 21.3930920006107),1,
285,POINT(-157.740163999753 21.3679699997983),2,
286,POINT(-157.734968999346 21.3603850001912),2,
287,POINT(-157.734713999976 21.2820379995446),2,
288,POINT(-157.731669000421 21.35671900039),2,
289,POINT(-157.723499000778 21.2859530005563),2,
290,POINT(-157.71941199951 21.2858209996432),2,
291,POINT(-157.717460999749 21.2846390002267),2,
292,POINT(-157.717083000355 21.2843860005067),2,
293,POINT(-157.715708000354 21.2834409995334),2,
294,POINT(-157.715119000175 21.2829929997158),2,
295,POINT(-157.713223000665 21.3466800000369),2,
296,POINT(-157.71049000038 21.3454749994215),2,
297,POINT(-157.708029999907 21.2786570003869),2,
298,POINT(-157.704778000662 21.2759600003609),2,
299,POINT(-157.704388000675 21.2757209994495),2,
300,POINT(-157.69779700035 21.3331869996526),2,
301,POINT(-157.693246000373 21.275266999276),2,
302,POINT(-157.685670000034 21.3269269995407),2,
303,POINT(-157.677217000535 21.2827749992736),2,
304,POINT(-157.669560000005 21.3179120006422),2,
305,POINT(-157.665137000074 21.2905910003668),2,
306,POINT(-157.661657000326 21.3130809996284),2,
307,POINT(-157.657306000366 21.3086290000626),2,
308,POINT(-157.656969000082 21.3054679998038),2,
309,POINT(-151.05720000038 60.4864740001202),1,
310,POINT(-151.054897000266 60.4880899997379),2,
311,POINT(-151.052677999818 60.4896479996721),2,
312,POINT(-151.05227500031 60.4899320005271),2,
313,POINT(-151.050259999177 60.4913489998519),2,
314,POINT(-151.022714999841 60.4974859997195),2,
315,POINT(-150.940514000404 60.5058050004313),2,
316,POINT(-150.887186999376 60.518996999828),2,
317,POINT(-150.794360999847 60.536028000006),2,
318,POINT(-150.776063000229 60.537179000246),2,
319,POINT(-150.773272000218 60.537390000035),2,
320,POINT(-150.770625000147 60.5374340003286),2,
321,POINT(-150.754604999631 60.536568999894),2,
322,POINT(-150.693511000264 60.5265470001483),2,
323,POINT(-150.692181000469 60.5266680002403),2,
324,POINT(-150.679478999319 60.5269070002037),2,
325,POINT(-150.566199000371 60.5257649998031),2,
326,POINT(-150.459189999386 60.5308780001423),2,
327,POINT(-150.385842999307 60.5299670003922),2,
328,POINT(-150.257445000015 60.5266340003222),2,
329,POINT(-150.251004999303 62.346692999974),2,
330,POINT(-150.234193999839 62.5642849996635),2,
331,POINT(-150.23380800005 62.3162509999471),2,
332,POINT(-150.172421999707 62.1748630000473),2,
333,POINT(-150.133596999977 62.7454720006204),2,
334,POINT(-150.111251000348 60.4848600004492),2,
335,POINT(-150.097229000347 61.8095810001057),2,
336,POINT(-150.094639000178 61.8140890001567),2,
337,POINT(-150.079998999686 61.8936499997441),2,
338,POINT(-150.07126099978 61.9236730004149),2,
339,POINT(-150.064630999996 61.7632999998078),2,
340,POINT(-150.059984000658 62.1042409997325),2,
341,POINT(-150.052871000101 61.9960099997221),2,
342,POINT(-150.044575000062 61.7431200001064),2,
343,POINT(-150.040125000367 61.7364789996993),2,
344,POINT(-150.039762999969 62.134383000074),2,
345,POINT(-150.022236000105 61.712078000167),2,
346,POINT(-150.021227999626 60.4882589998666),2,
347,POINT(-150.002979000412 60.4873770003116),2,
348,POINT(-149.949808999743 60.4838860002118),2,
349,POINT(-149.937408999616 60.4828949998098),2,
350,POINT(-149.871019999384 61.2077210000751),2,
351,POINT(-149.871009000412 61.213635000321),2,
352,POINT(-149.871002999666 61.2175490000427),2,
353,POINT(-149.870998999468 61.2165919997722),4,
354,POINT(-149.870998999468 61.2165990004105),3,
355,POINT(-149.867881999942 61.1978220004503),2,
356,POINT(-149.867881999942 61.1983549996843),2,
357,POINT(-149.86787300062 61.1934189995573),2,
358,POINT(-149.86787300062 61.2018469997715),3,
359,POINT(-149.867869000422 61.1952749997893),2,
360,POINT(-149.867862999676 61.2001240004678),2,
361,POINT(-149.866956000378 61.2136229997026),2,
362,POINT(-149.866948999807 61.215694999895),2,
363,POINT(-149.866942999959 61.2165790002512),4,
364,POINT(-149.866939999586 61.2175429996151),4,
365,POINT(-149.866938000835 61.2165730000711),4,
366,POINT(-149.866936000286 61.2171339998465),2,
367,POINT(-149.866935000461 61.2167019997968),2,
368,POINT(-149.866932999913 61.2175429996151),3,
369,POINT(-149.866922000043 61.2077240001436),2,
370,POINT(-149.865018999962 61.188089000457),2,
371,POINT(-149.861619999505 61.1846519999762),2,
372,POINT(-149.861310999709 61.1840079999191),2,
373,POINT(-149.860259999573 61.1807660000209),2,
374,POINT(-149.858758000248 61.2175700000166),5,
375,POINT(-149.858744000004 61.2175700000166),4,
376,POINT(-149.856383000164 61.1447829997306),2,
377,POINT(-149.856369999745 61.1661729997306),2,
378,POINT(-149.856300000323 61.1228399994753),2,
379,POINT(-149.856288000627 61.127817999695),2,
380,POINT(-149.855293000568 61.1553980001281),2,
381,POINT(-149.850330999789 61.1084740000688),2,
382,POINT(-149.845651999766 61.2175300000543),2,
383,POINT(-149.838866000345 61.0975740001213),2,
384,POINT(-149.836634999303 61.2175000004816),2,
385,POINT(-149.835825999914 61.0941769999195),2,
386,POINT(-149.834327000064 61.0872779998594),2,
387,POINT(-149.831496999695 61.0821590002656),2,
388,POINT(-149.831145000241 61.0809329996584),2,
389,POINT(-149.830669999865 61.0789479999377),2,
390,POINT(-149.830082999336 61.0774490001722),2,
391,POINT(-149.827024999362 61.0718559999921),2,
392,POINT(-149.826538000188 61.2175530000388),2,
393,POINT(-149.812352000156 60.4907349996934),2,
394,POINT(-149.808276000555 61.2210280005341),2,
395,POINT(-149.805529999852 60.4942529999318),2,
396,POINT(-149.800750999371 61.6266289996627),2,
397,POINT(-149.798547999715 61.0541340004699),2,
398,POINT(-149.794816000071 61.0504329996631),2,
399,POINT(-149.794274000646 61.0498400003138),2,
400,POINT(-149.778420000709 61.2246340001393),2,
401,POINT(-149.764971000095 62.8892740004836),2,
402,POINT(-149.758435999847 61.2244249995465),2,
403,POINT(-149.733803999822 60.4859900004498),2,
404,POINT(-149.733517999592 61.2269839996321),2,
405,POINT(-149.730981999849 61.0160569999337),2,
406,POINT(-149.724249999957 61.5754579999469),2,
407,POINT(-149.708384000325 61.5693590001569),2,
408,POINT(-149.692644000191 61.2386330000514),2,
409,POINT(-149.689480999736 61.24004499973),2,
410,POINT(-149.659603000148 61.2531929998215),2,
411,POINT(-149.632016999906 61.5825749996563),2,
412,POINT(-149.62808799972 61.2792020003957),2,
413,POINT(-149.616578999896 60.5248890001315),2,
414,POINT(-149.601864999784 61.5812319999034),2,
415,POINT(-149.59147099967 63.013585999921),2,
416,POINT(-149.590404000538 61.2925910001453),2,
417,POINT(-149.589527000479 61.2955549999474),2,
418,POINT(-149.588643999674 61.2986190001365),2,
419,POINT(-149.58202499976 61.3086929996433),2,
420,POINT(-149.581907999584 61.3087590002316),2,
421,POINT(-149.578457999973 61.3106829997017),2,
422,POINT(-149.578064999612 61.3109009998527),2,
423,POINT(-149.57563400035 61.3193070000114),2,
424,POINT(-149.574850000177 61.3137600004393),2,
425,POINT(-149.570843999999 61.5807350004413),2,
426,POINT(-149.565561000626 61.3420889999219),2,
427,POINT(-149.558130000052 60.5314429998631),2,
428,POINT(-149.551917999844 61.5839209998692),2,
429,POINT(-149.5434510001 60.5347050002802),2,
430,POINT(-149.534929000105 61.366387999988),2,
431,POINT(-149.534701000499 61.3665220000105),2,
432,POINT(-149.534264999583 61.5822679999823),2,
433,POINT(-149.528391999308 61.375233999721),2,
434,POINT(-149.52634600001 60.9863729999254),2,
435,POINT(-149.511318999904 61.5790649997782),2,
436,POINT(-149.50442699928 61.5792379998092),2,
437,POINT(-149.502514000052 61.5792870000553),2,
438,POINT(-149.500089000637 63.0965479997275),2,
439,POINT(-149.500031999837 60.6406269995441),2,
440,POINT(-149.496687999633 61.5794580000806),2,
441,POINT(-149.496627999358 61.5794600001304),2,
442,POINT(-149.481065999499 61.5800690002919),2,
443,POINT(-149.467566999555 61.4019299997856),2,
444,POINT(-149.451839000015 60.9702530001677),2,
445,POINT(-149.450693000343 61.5812910000778),2,
446,POINT(-149.449060999525 60.9691889994746),2,
447,POINT(-149.442225999701 61.4095490003258),2,
448,POINT(-149.441504000351 61.5809769998292),2,
449,POINT(-149.436249999494 60.9637759999486),2,
450,POINT(-149.43368800071 60.7799629995025),2,
451,POINT(-149.4297009999 61.5805990002213),2,
452,POINT(-149.425835999288 61.5799890002013),2,
453,POINT(-149.42501200073 61.4210180003551),2,
454,POINT(-149.421311999974 63.1449020002011),2,
455,POINT(-149.417859999815 61.5787529997412),2,
456,POINT(-149.417202999864 61.4287150001659),2,
457,POINT(-149.409495000178 61.5770399999545),2,
458,POINT(-149.361699999841 61.4571369994684),2,
459,POINT(-149.359737000384 61.5711730001595),2,
460,POINT(-149.359221 61.5711859996774),2,
461,POINT(-149.312976000465 61.567828999539),2,
462,POINT(-149.282551000531 64.2177919997329),2,
463,POINT(-149.26619599938 61.5627429997629),2,
464,POINT(-149.264869999783 63.2349949999318),2,
465,POINT(-149.26275499999 61.4738109996459),2,
466,POINT(-149.254769999397 64.1341659995173),2,
467,POINT(-149.254744000356 63.2414689999619),2,
468,POINT(-149.253394000469 63.2507689999119),2,
469,POINT(-149.252118000201 61.5359950003186),2,
470,POINT(-149.251698000077 61.5399029996945),2,
471,POINT(-149.250389000198 61.4835059996178),2,
472,POINT(-149.24982199976 61.4840139995584),2,
473,POINT(-149.248566999409 61.5527569995604),2,
474,POINT(-149.24778200031 61.5530960002212),2,
475,POINT(-149.247301999911 61.553537999574),4,
476,POINT(-149.247296999888 61.5535239999292),5,
477,POINT(-149.247250000032 61.5532819998136),4,
478,POINT(-149.23972999977 61.5536440003478),2,
479,POINT(-149.211058000129 60.788125000233),2,
480,POINT(-149.188323999264 61.5508900001304),2,
481,POINT(-149.173256999873 60.9402780000096),2,
482,POINT(-149.145196999978 64.028784999946),2,
483,POINT(-149.138219000038 64.0047039998987),2,
484,POINT(-149.138066999702 64.0043059998271),2,
485,POINT(-149.130226000846 61.585205999797),2,
486,POINT(-149.124531000847 61.5893589997216),2,
487,POINT(-149.12261800072 61.5917290002443),2,
488,POINT(-149.122523000285 61.5994399997637),2,
489,POINT(-149.121832999824 61.6017259999289),2,
490,POINT(-149.120528000143 61.628285999712),2,
491,POINT(-149.118512999909 61.6066569997567),2,
492,POINT(-149.118404999954 61.6355140004415),2,
493,POINT(-149.118361000471 61.6102649997183),2,
494,POINT(-149.116993000142 61.6462679998341),2,
495,POINT(-149.115410999553 63.3337419998825),2,
496,POINT(-149.100839999557 64.5640999996687),2,
497,POINT(-149.098353000218 64.6036600003706),2,
498,POINT(-149.097205999822 63.3398689998413),2,
499,POINT(-149.095891000095 64.5486650003308),2,
500,POINT(-149.095686000056 64.2862779994981),2,
501,POINT(-149.083576000357 63.9135049995008),2,
502,POINT(-149.059099999967 60.8468030000518),2,
503,POINT(-149.050994999724 64.4582269999479),2,
504,POINT(-149.047123000338 61.6823999996646),2,
505,POINT(-149.046960000131 60.8845430000114),2,
506,POINT(-149.043765999714 64.3431049995525),2,
507,POINT(-149.038330000181 60.8363680000676),2,
508,POINT(-149.03411399994 60.8340639995738),2,
509,POINT(-149.031736000381 64.3678870003708),2,
510,POINT(-149.021552000329 63.869703999828),2,
511,POINT(-148.982791999998 60.840712999909),2,
512,POINT(-148.975670999944 60.8190729999259),2,
513,POINT(-148.930654999922 63.8020080004544),2,
514,POINT(-148.910203000153 63.7733820005185),2,
515,POINT(-148.901752000303 63.3904610000286),2,
516,POINT(-148.895201999986 61.7102000000051),2,
517,POINT(-148.892858999688 63.724546000071),2,
518,POINT(-148.887911000052 63.7386359997274),2,
519,POINT(-148.885989999529 63.7283589999429),2,
520,POINT(-148.882565000032 63.731010999697),2,
521,POINT(-148.814177000359 63.5079869996088),2,
522,POINT(-148.804972000473 63.6465339998737),2,
523,POINT(-148.749974000066 61.7312449999691),2,
524,POINT(-148.647981000286 64.7048740004034),2,
525,POINT(-148.644919999938 64.7054089996097),2,
526,POINT(-148.454028999193 61.7850630000202),2,
527,POINT(-148.199504000039 64.7912490004547),2,
528,POINT(-148.136363000651 61.8110169996139),2,
529,POINT(-148.007298000464 64.8443209997932),2,
530,POINT(-147.990225999987 64.8453430001066),2,
531,POINT(-147.98881699965 64.8452529997277),2,
532,POINT(-147.98278999939 64.8451419999532),2,
533,POINT(-147.982406000148 61.7985110004822),2,
534,POINT(-147.892236999837 64.85954100039),2,
535,POINT(-147.88328700022 64.859951000236),2,
536,POINT(-147.8711109995 64.8535750001637),2,
537,POINT(-147.87060500006 64.8531830001307),2,
538,POINT(-147.864517999525 64.8484799999438),2,
539,POINT(-147.857635000021 64.8447830004952),2,
540,POINT(-147.850132000375 64.8424089997991),2,
541,POINT(-147.845857999509 64.8411829998161),2,
542,POINT(-147.835047999469 64.8366050001642),2,
543,POINT(-147.817206999785 64.8244889998088),2,
544,POINT(-147.81619800038 64.8238219996279),2,
545,POINT(-147.778641000521 64.8209409999917),2,
546,POINT(-147.744691000633 64.821371000057),2,
547,POINT(-147.709563000387 64.8204060006061),2,
548,POINT(-147.70670699918 64.8347809997497),1,
549,POINT(-147.702609999663 64.8207249996778),3,
550,POINT(-147.691941000088 64.8206890000304),2,
551,POINT(-147.684766999432 61.8020940001272),2,
552,POINT(-147.656976000048 64.8175449999114),2,
553,POINT(-147.616388999804 64.8143829997907),2,
554,POINT(-147.591287000324 64.8121920002467),2,
555,POINT(-147.570008999651 64.8059680000802),2,
556,POINT(-147.547604000471 64.7990460000732),2,
557,POINT(-147.475995000617 64.7766919997997),2,
558,POINT(-147.409934999375 64.7682350004066),2,
559,POINT(-147.403059000441 64.7675950003232),2,
560,POINT(-147.387478000316 64.765437999899),2,
561,POINT(-147.381994000204 61.8496050004277),2,
562,POINT(-147.376120999929 64.7651429997061),2,
563,POINT(-147.358373000132 64.7613480000973),2,
564,POINT(-147.318263999739 64.7464640000779),2,
565,POINT(-147.280578999834 64.7339989998662),2,
566,POINT(-147.263437999759 64.728439999554),2,
567,POINT(-147.241416000893 64.7222520003598),2,
568,POINT(-147.192766000238 64.7152670000925),2,
569,POINT(-147.188632000013 64.7144799998222),2,
570,POINT(-147.173640999892 61.9373790001068),2,
571,POINT(-147.157961000032 64.7073439997935),2,
572,POINT(-147.129937000122 64.6891390002582),2,
573,POINT(-147.124966000021 64.6836079999973),2,
574,POINT(-147.086583999982 64.6429950003263),2,
575,POINT(-146.980886000322 64.5194720002313),2,
576,POINT(-146.958799999187 61.9853370004815),2,
577,POINT(-146.906508000198 64.4161859999859),2,
578,POINT(-146.839234999337 61.9816929998413),2,
579,POINT(-146.785431999904 64.3329360000912),2,
580,POINT(-146.74415800047 62.0049330001604),2,
581,POINT(-146.670874999965 64.3049150001573),2,
582,POINT(-146.542824000105 62.0490179998773),2,
583,POINT(-146.370412000524 64.291614000058),2,
584,POINT(-146.351217999682 62.0867149998934),2,
585,POINT(-146.335679000288 64.2825609998648),2,
586,POINT(-146.110897000104 64.2597769997388),2,
587,POINT(-146.107208000118 64.2602119998934),2,
588,POINT(-146.075367000175 64.2534930005081),2,
589,POINT(-146.042803999983 62.099290999959),2,
590,POINT(-145.968560000652 62.1003409994795),2,
591,POINT(-145.889033000152 64.1857240004274),2,
592,POINT(-145.85389100056 64.1582099995488),2,
593,POINT(-145.850521999343 62.1064829995509),2,
594,POINT(-145.745478999984 64.0700810004346),2,
595,POINT(-145.740005000816 64.0636230003685),2,
596,POINT(-145.73857200019 64.049038000503),2,
597,POINT(-145.737549999468 64.0450679999018),2,
598,POINT(-145.73678700011 64.0437399998149),2,
599,POINT(-145.736424999712 64.043110000397),2,
600,POINT(-145.735558000597 64.0556390000836),2,
601,POINT(-145.734146999712 64.0396480001128),3,
602,POINT(-145.733502000355 64.0389140004011),5,
603,POINT(-145.733498000157 64.0389079998438),4,
604,POINT(-145.728328999689 64.0366249998974),2,
605,POINT(-145.717906999986 62.1068539995359),2,
606,POINT(-145.715152999785 64.0331420004493),2,
607,POINT(-145.676668999638 64.0228289997039),2,
608,POINT(-145.617776000279 64.0041279996223),2,
609,POINT(-145.589108999763 62.1071079997063),2,
610,POINT(-145.558616999882 62.1095160001245),2,
611,POINT(-145.538309999878 63.9820719994424),2,
612,POINT(-145.530348999574 62.107724000119),2,
613,POINT(-145.522444000246 62.1076749995032),2,
614,POINT(-145.506304000078 62.1072960000673),2,
615,POINT(-145.475441000477 62.1078550000301),2,
616,POINT(-145.469888999694 62.1530039999712),2,
617,POINT(-145.443600000534 62.2096519997326),2,
618,POINT(-145.420837000255 63.9503020002419),2,
619,POINT(-145.353109000007 62.289130000268),2,
620,POINT(-145.282013999989 62.3038409994858),2,
621,POINT(-145.223899999881 63.8965429996777),2,
622,POINT(-145.104937999555 62.4042419997687),2,
623,POINT(-144.968304000499 62.4296439997525),2,
624,POINT(-144.608193999866 63.6943679998489),2,
625,POINT(-144.573371000117 63.6916529997658),2,
626,POINT(-144.573110999826 63.6916529997658),2,
627,POINT(-144.558118999879 62.6338719997937),2,
628,POINT(-144.063800000503 63.6590489999092),2,
629,POINT(-144.013624000234 63.6306590000715),2,
630,POINT(-143.988686999712 62.7132979995964),2,
631,POINT(-143.642875000163 62.9246009999069),2,
632,POINT(-143.364356000668 63.0487679996816),2,
633,POINT(-143.356353000532 63.3619049997285),2,
634,POINT(-143.353859000622 62.9602410003609),2,
635,POINT(-143.300622000006 63.1153039996303),2,
636,POINT(-143.100147999981 63.3439609995016),2,
637,POINT(-142.995285000548 63.3239729996054),2,
638,POINT(-142.987684999919 63.3359420003369),4,
639,POINT(-142.987678000246 63.3359420003369),3,
640,POINT(-142.952412999733 63.3334160000941),2,
641,POINT(-142.835290999739 63.3249360002872),2,
642,POINT(-142.602494999548 63.3113729997793),2,
643,POINT(-142.094956999712 63.1610310005427),2,
644,POINT(-141.800272999936 63.0102329998838),2,
645,POINT(-141.708261999643 62.9913030000386),2,
646,POINT(-141.460026999616 62.853704000381),2,
647,POINT(-140.998504999885 62.6143390001643),1,
648,POINT(-124.497497000206 42.7584829999435),2,
649,POINT(-124.497425000236 42.7458059997793),1,
650,POINT(-124.497403000494 42.7488979993246),2,
651,POINT(-124.497393999375 42.7512330000788),2,
652,POINT(-124.497365999786 42.7534980002177),2,
653,POINT(-124.497364000136 42.7541370004906),2,
654,POINT(-124.496836999882 42.7721959999883),2,
655,POINT(-124.494544999638 42.7853859999663),2,
656,POINT(-124.49310299969 42.7901419994484),2,
657,POINT(-124.490848999979 42.7926039998058),2,
658,POINT(-124.487192000678 42.7965649997431),2,
659,POINT(-124.486236000078 42.7996530003547),2,
660,POINT(-124.484358999937 42.8065570004123),2,
661,POINT(-124.484065000209 42.807108999869),2,
662,POINT(-124.482786999393 42.8195919995073),2,
663,POINT(-124.482305000243 42.8154369993263),2,
664,POINT(-124.4743219993 42.8463659996549),2,
665,POINT(-124.468365000258 42.8770750000692),2,
666,POINT(-124.467956000004 42.8707210004427),2,
667,POINT(-124.461753999841 42.8939430000477),2,
668,POINT(-124.460657999499 42.8972099997933),2,
669,POINT(-124.457608000819 42.906286999837),2,
670,POINT(-124.457131999719 42.9076809994257),2,
671,POINT(-124.44999700032 42.9251380000525),2,
672,POINT(-124.43868299959 42.9538110003922),2,
673,POINT(-124.435806000264 42.9575020001684),2,
674,POINT(-124.434500999685 42.9593340003933),2,
675,POINT(-124.42715299985 42.9701469995877),2,
676,POINT(-124.415524000375 43.0066349997633),2,
677,POINT(-124.415202000159 43.0684559997434),2,
678,POINT(-124.415185000441 43.0081390000003),2,
679,POINT(-124.415129000364 43.0829110001111),2,
680,POINT(-124.415065999717 43.0154220001711),2,
681,POINT(-124.415057999321 43.09720400024),2,
682,POINT(-124.415012000188 43.1085570002461),2,
683,POINT(-124.415003999793 43.1115480005969),2,
684,POINT(-124.415002000143 43.1122959998331),2,
685,POINT(-124.414979999503 43.1142249999529),2,
686,POINT(-124.414822000218 43.1159089998077),2,
687,POINT(-124.409887000101 43.1190829997063),2,
688,POINT(-124.409004000195 43.1191120005062),2,
689,POINT(-124.402611000236 43.1190500003622),2,
690,POINT(-124.400117000326 43.1190410000612),2,
691,POINT(-124.398795000029 43.119474999813),2,
692,POINT(-124.398492999905 43.1220700000461),2,
693,POINT(-124.398389000148 43.124248999785),2,
694,POINT(-124.39720900014 43.1401960005893),2,
695,POINT(-124.39545700057 43.1502839999152),2,
696,POINT(-124.374454999183 47.6129290001379),2,
697,POINT(-124.372609999727 43.173492000021),2,
698,POINT(-124.360101999645 43.183291000378),2,
699,POINT(-124.352059000224 47.8812429997887),2,
700,POINT(-124.34946600058 43.1916520002693),2,
701,POINT(-124.344828000564 43.1927300003984),2,
702,POINT(-124.342786999493 47.8741110004127),2,
703,POINT(-124.335262000105 47.5320180002157),2,
704,POINT(-124.333263000663 47.5355959999949),2,
705,POINT(-124.32323800062 47.7503849998102),2,
706,POINT(-124.316833000068 43.1951670004552),2,
707,POINT(-124.306813999873 43.2098009999368),2,
708,POINT(-124.306748999575 43.2093860004097),2,
709,POINT(-124.297822000423 43.2274499994301),2,
710,POINT(-124.292649999582 47.5334390002088),2,
711,POINT(-124.288018000312 47.3362139997165),2,
712,POINT(-124.287692999724 47.3376430005159),2,
713,POINT(-124.287668000508 47.3348079996765),2,
714,POINT(-124.287501000104 47.3345149998553),2,
715,POINT(-124.28728399947 47.3390640001807),2,
716,POINT(-124.287001000511 47.3338899998139),2,
717,POINT(-124.28687200064 47.3404839998017),2,
718,POINT(-124.286784999703 47.3336400002831),2,
719,POINT(-124.286677000646 47.3335149997695),2,
720,POINT(-124.286467999511 47.3419059998288),2,
721,POINT(-124.286063000353 47.3433269998063),2,
722,POINT(-124.285655999749 47.3447479998823),2,
723,POINT(-124.285612000266 47.3322620005757),2,
724,POINT(-124.285372000067 47.3457419993569),2,
725,POINT(-124.285249999868 47.3461690006623),2,
726,POINT(-124.284997999973 47.3470210001605),1,
727,POINT(-124.284551000084 47.3310070002163),2,
728,POINT(-124.28355300055 47.3297290002407),2,
729,POINT(-124.283014999526 47.3283309998537),2,
730,POINT(-124.282546999721 47.3269190005957),2,
731,POINT(-124.282074000791 47.3255070001261),2,
732,POINT(-124.28160199989 47.3240959995178),2,
733,POINT(-124.281206000054 47.3226729998153),2,
734,POINT(-124.281028999604 43.255091999872),2,
735,POINT(-124.280662000081 47.321283000087),2,
736,POINT(-124.279196999668 47.3202450001609),2,
737,POINT(-124.277563000099 47.3193169998536),2,
738,POINT(-124.27592900053 47.3183889996894),2,
739,POINT(-124.274295000062 47.3174620002558),2,
740,POINT(-124.273115000055 47.5407760003301),2,
741,POINT(-124.27265999977 47.3165339997886),2,
742,POINT(-124.271022000003 47.3156090001149),2,
743,POINT(-124.269383999337 47.3146840000837),2,
744,POINT(-124.26774599957 47.3137589996957),2,
745,POINT(-124.266108999628 47.3128340001699),2,
746,POINT(-124.26447299951 47.3119079995969),2,
747,POINT(-124.262838000116 47.3109819998526),2,
748,POINT(-124.261968999555 43.2688440002816),2,
749,POINT(-124.261201000174 47.3100569998378),2,
750,POINT(-124.259565000057 47.3091309999439),2,
751,POINT(-124.258058999636 47.8098150000757),2,
752,POINT(-124.257930000663 47.3082039995098),2,
753,POINT(-124.256338999853 47.3072420005877),2,
754,POINT(-124.254824000109 47.3062240003148),2,
755,POINT(-124.253321000061 47.3051999998874),2,
756,POINT(-124.251911999725 47.3041159999407),2,
757,POINT(-124.251388999668 47.3036599994733),2,
758,POINT(-124.250695000805 47.302932000086),2,
759,POINT(-124.250494999891 47.8042040002718),2,
760,POINT(-124.249506000577 47.3017319997652),2,
761,POINT(-124.249262000179 47.3014939994294),2,
762,POINT(-124.248362999481 47.3005120003512),2,
763,POINT(-124.24703199986 47.2993909996724),2,
764,POINT(-124.245718999783 43.2142919999476),2,
765,POINT(-124.245549999729 47.298352999816),2,
766,POINT(-124.244044000206 47.2973300001978),2,
767,POINT(-124.242539000508 47.2963069996736),2,
768,POINT(-124.242297999585 43.206852999559),2,
769,POINT(-124.241298999328 47.2951359995108),2,
770,POINT(-124.240289999922 47.2938620004697),2,
771,POINT(-124.239294999863 47.2925819997268),2,
772,POINT(-124.238245000449 47.2913229998644),2,
773,POINT(-124.237191999765 47.2900649997738),2,
774,POINT(-124.236145000725 47.2888049997959),2,
775,POINT(-124.235348000134 47.2874649999526),2,
776,POINT(-124.234645000152 47.2860990000619),2,
777,POINT(-124.233969999759 47.2847269997021),2,
778,POINT(-124.233818000321 47.2843060000683),2,
779,POINT(-124.233470999992 47.2833199998245),2,
780,POINT(-124.232947999935 47.2819159998219),2,
781,POINT(-124.232429000076 47.280512999801),2,
782,POINT(-124.23191699989 47.279107999562),2,
783,POINT(-124.2311729999 47.2777550005639),2,
784,POINT(-124.230256000557 47.2764490005918),2,
785,POINT(-124.229336999767 47.2751430000785),2,
786,POINT(-124.228468999928 47.2738219997749),2,
787,POINT(-124.227808999604 47.2724449999148),2,
788,POINT(-124.22724299989 47.2710509996587),2,
789,POINT(-124.22689399991 43.4528399998428),2,
790,POINT(-124.226768999339 43.260062000199),2,
791,POINT(-124.226738000275 47.2696440005865),2,
792,POINT(-124.226234000485 47.2682380003743),2,
793,POINT(-124.225728000146 47.2668310002808),2,
794,POINT(-124.225676000268 43.4645759998438),2,
795,POINT(-124.2252419999 47.2654219998764),2,
796,POINT(-124.224721999318 47.2640190002105),2,
797,POINT(-124.224213999329 47.2626129999397),2,
798,POINT(-124.224133000037 43.4756149999426),2,
799,POINT(-124.224073000661 43.4105440005484),2,
800,POINT(-124.224051000021 43.4174549997129),2,
801,POINT(-124.224049000371 43.4066380001016),2,
802,POINT(-124.22404399945 43.4169160000709),2,
803,POINT(-124.224026999732 43.4079110002452),2,
804,POINT(-124.224008000363 43.411873000735),2,
805,POINT(-124.223998000318 43.4111500004928),3,
806,POINT(-124.223969000005 43.4185110001374),2,
807,POINT(-124.22370600024 47.2612069995155),2,
808,POINT(-124.223503999675 43.1921889999458),2,
809,POINT(-124.223197000427 47.2598009995505),2,
810,POINT(-124.223003000258 43.4096779997789),2,
811,POINT(-124.222973000121 43.4079280000262),2,
812,POINT(-124.222952000204 43.4066050002804),2,
813,POINT(-124.22292500044 47.5342949999367),2,
814,POINT(-124.222876999861 47.2583640002275),2,
815,POINT(-124.222853999397 43.4046080002453),2,
816,POINT(-124.22278300015 43.4042889996678),3,
817,POINT(-124.222635000012 47.2576660001444),2,
818,POINT(-124.222448000414 43.4040050003445),4,
819,POINT(-124.222349999606 47.2569690005179),2,
820,POINT(-124.221998999977 43.1905160001169),2,
821,POINT(-124.221968000015 43.4437740004482),2,
822,POINT(-124.221961000342 43.2892170002269),2,
823,POINT(-124.221109000398 47.2558799994197),2,
824,POINT(-124.220899999262 43.3841829994187),2,
825,POINT(-124.220587999991 43.4346270005123),2,
826,POINT(-124.220422000309 43.4354470003257),2,
827,POINT(-124.220318999479 47.255664999602),2,
828,POINT(-124.220105999942 43.3914840003006),2,
829,POINT(-124.220070999782 43.2900640001089),2,
830,POINT(-124.219794999597 43.4381570002459),2,
831,POINT(-124.219703000434 43.2907309998905),2,
832,POINT(-124.219412000181 43.2919539999566),3,
833,POINT(-124.219376000196 43.4927040000147),2,
834,POINT(-124.219359999404 47.2550989998382),2,
835,POINT(-124.218714999149 43.4966980003809),2,
836,POINT(-124.218608999742 43.4982329997111),2,
837,POINT(-124.218307999443 47.5335390002772),2,
838,POINT(-124.217976999905 47.2540000003266),2,
839,POINT(-124.217960000187 43.5052170000579),2,
840,POINT(-124.216644000635 47.2528730005204),2,
841,POINT(-124.216353000382 43.5234249994309),2,
842,POINT(-124.215858999739 43.1827599997723),2,
843,POINT(-124.215560999813 47.2516279995982),2,
844,POINT(-124.215097000206 43.3768600003737),3,
845,POINT(-124.214524999745 47.2503629999587),2,
846,POINT(-124.214163000245 47.2379639998942),2,
847,POINT(-124.214053000641 47.2392620003676),2,
848,POINT(-124.214017999582 47.2375510000061),2,
849,POINT(-124.213631999793 47.2362730000888),2,
850,POINT(-124.213487000028 47.2348450001638),2,
851,POINT(-124.213486000203 47.2491010001383),2,
852,POINT(-124.213222999539 43.3595410003265),2,
853,POINT(-124.213221999714 43.3611210002466),2,
854,POINT(-124.213213000391 43.3642789997049),2,
855,POINT(-124.213189999927 43.3656739996667),2,
856,POINT(-124.213138000048 43.3672270003335),2,
857,POINT(-124.213080999249 43.3706260001138),2,
858,POINT(-124.212989000085 47.233431999295),2,
859,POINT(-124.212644000304 43.3642850001835),2,
860,POINT(-124.212522000105 43.3672259998669),2,
861,POINT(-124.212491000143 47.2320200001631),2,
862,POINT(-124.212446999762 47.2478400002032),2,
863,POINT(-124.212224000179 43.3713309994159),2,
864,POINT(-124.212194000042 43.3595350000318),2,
865,POINT(-124.212158000057 43.3611160000224),2,
866,POINT(-124.21209299976 43.3564880002324),3,
867,POINT(-124.212004000071 47.2395069999625),2,
868,POINT(-124.211961000414 47.2306130001826),2,
869,POINT(-124.211693999552 43.3563080003637),4,
870,POINT(-124.211573999901 47.2398070005623),2,
871,POINT(-124.211418000265 47.2466009998622),2,
872,POINT(-124.211381999382 43.3069039999775),2,
873,POINT(-124.211173999868 47.2292639997821),2,
874,POINT(-124.211132000035 47.2407540001832),2,
875,POINT(-124.210698000565 47.2457340005867),2,
876,POINT(-124.210594999735 47.2456100002119),2,
877,POINT(-124.210378 47.2279159996593),2,
878,POINT(-124.209914000393 47.2419009999853),2,
879,POINT(-124.20981499976 43.183536000091),2,
880,POINT(-124.209782999973 47.226527999852),2,
881,POINT(-124.209669999995 47.2444949997714),2,
882,POINT(-124.20943299927 47.2250990003765),2,
883,POINT(-124.209109000303 43.1837689995502),1,
884,POINT(-124.209013999869 47.2431720002327),2,
885,POINT(-124.208634999752 47.2237520004039),2,
886,POINT(-124.208587000072 43.3559669996639),2,
887,POINT(-124.20855200081 47.223617999995),2,
888,POINT(-124.207578000666 47.2224990000199),2,
889,POINT(-124.207448000072 47.2223840002952),2,
890,POINT(-124.206282000308 47.2213470001578),2,
891,POINT(-124.206016999994 43.3232560001328),2,
892,POINT(-124.205935999803 43.3258629998796),2,
893,POINT(-124.205429000538 43.3262700000422),2,
894,POINT(-124.20517400027 47.2201090001127),2,
895,POINT(-124.204226000066 47.2188069996458),2,
896,POINT(-124.204016000004 43.3558010002368),2,
897,POINT(-124.203300000501 47.2175100003425),2,
898,POINT(-124.202779000094 43.5664649997367),2,
899,POINT(-124.202379000061 47.2162129998212),2,
900,POINT(-124.201456999796 47.2149180000877),2,
901,POINT(-124.201200000777 43.3547929997964),2,
902,POINT(-124.200532000057 47.2136229998485),2,
903,POINT(-124.199957000122 47.1955150003644),2,
904,POINT(-124.199726000143 47.1940760001864),2,
905,POINT(-124.199608000142 47.2123280003264),2,
906,POINT(-124.199567000134 47.1936569996915),2,
907,POINT(-124.199256999614 47.1897919995159),2,
908,POINT(-124.199247000467 47.1968679999623),2,
909,POINT(-124.199127999743 47.18936599968),2,
910,POINT(-124.199093000481 47.1907400001812),2,
911,POINT(-124.199077999514 47.1889329997163),2,
912,POINT(-124.199045999727 47.1886429996476),2,
913,POINT(-124.19890500016 47.1879280000246),2,
914,POINT(-124.19878300086 47.1909360005092),2,
915,POINT(-124.198715000189 47.2110239994751),2,
916,POINT(-124.198657000463 47.1981020001842),2,
917,POINT(-124.198627999253 47.198246000114),2,
918,POINT(-124.198601000387 47.1983889998652),2,
919,POINT(-124.198382999928 47.1931010005033),2,
920,POINT(-124.198382000104 47.1996839997534),2,
921,POINT(-124.19829200059 47.1871649999858),2,
922,POINT(-124.198252000407 47.2100670001486),2,
923,POINT(-124.198174000589 47.2011269999939),2,
924,POINT(-124.198109000292 47.2096470000327),2,
925,POINT(-124.197932999667 47.2025659999919),2,
926,POINT(-124.197869000093 47.2082090000936),2,
927,POINT(-124.197797999947 47.2067609996544),2,
928,POINT(-124.197768000709 47.2060369995635),2,
929,POINT(-124.197753999567 47.2040089999666),2,
930,POINT(-124.197746999894 47.2054580001184),2,
931,POINT(-124.197709000259 47.1867509999082),2,
932,POINT(-124.197691000716 47.1913769999741),2,
933,POINT(-124.197652999284 43.3448580000066),2,
934,POINT(-124.197493000349 47.1914309998934),2,
935,POINT(-124.197289000134 47.1914720002138),2,
936,POINT(-124.197030999493 47.182999000255),2,
937,POINT(-124.196981999988 47.1831399994257),2,
938,POINT(-124.196515999832 47.1844049993268),2,
939,POINT(-124.196416000273 47.181710000431),2,
940,POINT(-124.196325000037 47.1927880006396),2,
941,POINT(-124.196245000569 43.5737040000889),2,
942,POINT(-124.19614700066 47.1858189998206),2,
943,POINT(-124.195900999714 47.1927680003281),2,
944,POINT(-124.195653000017 47.1917830000788),2,
945,POINT(-124.195303000213 47.1919400001076),2,
946,POINT(-124.194776999783 47.1814930004441),2,
947,POINT(-124.194263999772 47.1778339996706),2,
948,POINT(-124.194149999969 47.1763990002454),2,
949,POINT(-124.193625000263 47.1750069999614),2,
950,POINT(-124.193259000565 47.1790550002653),2,
951,POINT(-124.192652999769 47.1814590004896),2,
952,POINT(-124.192600000065 47.1676409999638),2,
953,POINT(-124.192367000437 47.1739000001429),2,
954,POINT(-124.192318000033 47.1662159995895),2,
955,POINT(-124.191851000053 47.1648030002356),2,
956,POINT(-124.191802999474 47.1814459997111),2,
957,POINT(-124.191500000424 47.1688499999552),2,
958,POINT(-124.19116300014 47.163452000139),2,
959,POINT(-124.191148999896 47.179218999908),2,
960,POINT(-124.191033000443 47.1728019998288),2,
961,POINT(-124.19052799993 47.1814249999028),2,
962,POINT(-124.190086999889 47.1699330001727),2,
963,POINT(-124.189598000168 43.6546480007229),2,
964,POINT(-124.189224999899 47.1797479997299),2,
965,POINT(-124.189203999982 47.1629339993476),2,
966,POINT(-124.189106000073 47.1722419996787),2,
967,POINT(-124.188735000352 47.1603060000082),2,
968,POINT(-124.188687999598 47.1710230005836),2,
969,POINT(-124.188593000062 47.1796929999962),2,
970,POINT(-124.188544000556 47.18101099963),2,
971,POINT(-124.188524000465 47.1588760005567),2,
972,POINT(-124.188478000434 47.1587350004805),2,
973,POINT(-124.188340000342 47.1583100005863),2,
974,POINT(-124.188316000053 47.1617259995555),2,
975,POINT(-124.188057999411 47.1574630002167),2,
976,POINT(-124.187320999993 47.1799920001039),2,
977,POINT(-124.186964000516 47.1562649997364),2,
978,POINT(-124.186303999293 43.6651829996825),2,
979,POINT(-124.185322000551 43.5807479998049),2,
980,POINT(-124.184989000465 47.1557459997508),2,
981,POINT(-124.184177999629 43.6316199994716),2,
982,POINT(-124.183077000163 47.1551549996501),2,
983,POINT(-124.183008999492 47.1495379999179),2,
984,POINT(-124.182934999873 47.1509469999436),2,
985,POINT(-124.182806999826 47.1523610001006),2,
986,POINT(-124.182788000458 47.1537879995126),2,
987,POINT(-124.182777999514 43.5914079997081),2,
988,POINT(-124.18276199962 47.1453760003855),2,
989,POINT(-124.182744000077 47.1467659997718),2,
990,POINT(-124.182349999892 47.1481620002053),2,
991,POINT(-124.181712000207 47.14413699974),2,
992,POINT(-124.181485000426 47.1427149995616),2,
993,POINT(-124.181269000516 43.6173719998787),2,
994,POINT(-124.180871000133 43.6114429999221),2,
995,POINT(-124.180677999789 47.1413869996244),2,
996,POINT(-124.180282999779 47.139962999881),2,
997,POINT(-124.180220999855 43.6024770000206),2,
998,POINT(-124.180078000638 43.6001590000265),2,
999,POINT(-124.179932999975 47.1385350005008),2,
1000,POINT(-124.179649000292 47.1370989998406),2,
