node_id,component
1,11
2,11
3,11
4,11
5,11
6,11
7,11
8,11
9,11
10,11
11,11
12,11
13,11
14,11
15,11
16,11
17,11
18,11
19,11
20,11
21,11
22,11
23,11
24,11
25,11
26,11
27,11
28,11
29,11
30,11
31,11
32,11
33,11
34,11
35,11
36,11
37,11
38,11
39,11
40,11
41,11
42,11
43,11
44,11
45,11
46,11
47,11
48,11
49,11
50,11
51,11
52,11
53,11
54,11
55,11
56,11
57,11
58,11
59,11
60,11
61,11
62,11
63,11
64,11
65,11
66,11
67,11
68,11
69,11
70,11
71,11
72,11
73,11
74,11
75,11
76,11
77,11
78,11
79,11
80,11
81,11
82,11
83,11
84,11
85,11
86,11
87,11
88,11
89,11
90,11
91,11
92,11
93,11
94,11
95,11
96,11
97,11
98,11
99,11
100,11
101,11
102,11
103,11
104,11
105,11
106,11
107,11
108,11
109,11
110,11
111,11
112,11
113,11
114,11
115,11
116,11
117,11
118,11
119,11
120,11
121,11
122,11
123,11
124,11
125,11
126,11
127,11
128,11
129,11
130,11
131,11
132,11
133,11
134,11
135,11
136,11
137,11
138,11
139,11
140,11
141,11
142,11
143,11
144,11
145,11
146,11
147,11
148,11
149,11
150,11
151,11
152,11
153,11
154,11
155,11
156,11
157,11
158,11
159,11
160,11
161,11
162,11
163,11
164,11
165,11
166,11
167,11
168,11
169,11
170,11
171,11
172,11
173,11
174,11
175,11
176,11
177,11
178,11
179,11
180,11
181,11
182,11
183,11
184,11
185,11
186,11
187,11
188,11
189,11
190,11
191,11
192,11
193,11
194,11
195,11
196,11
197,11
198,11
199,11
200,11
201,11
202,11
203,11
204,11
205,11
206,11
207,11
208,11
209,11
210,11
211,11
212,11
213,11
214,11
215,11
216,11
217,11
218,11
219,11
220,11
221,11
222,11
223,11
224,11
225,11
226,11
227,11
228,11
229,11
230,11
231,11
232,11
233,11
234,11
235,11
236,11
237,11
238,11
239,11
240,11
241,11
242,11
243,11
244,11
245,11
246,11
247,11
248,11
249,11
250,11
251,11
252,11
253,11
254,11
255,11
256,11
257,11
258,11
259,11
260,11
261,11
262,11
263,11
264,11
265,11
266,11
267,11
268,11
269,11
270,11
271,11
272,11
273,11
274,11
275,11
276,11
277,11
278,11
279,11
280,11
281,11
282,11
283,11
284,11
285,11
286,11
287,11
288,11
289,11
290,11
291,11
292,11
293,11
294,11
295,11
296,11
297,11
298,11
299,11
300,11
301,11
302,11
303,11
304,11
305,11
306,11
307,11
308,11
309,10
310,10
311,10
312,10
313,10
314,10
315,10
316,10
317,10
318,10
319,10
320,10
321,10
322,10
323,10
324,10
325,10
326,10
327,10
328,10
329,10
330,10
331,10
332,10
333,10
334,10
335,10
336,10
337,10
338,10
339,10
340,10
341,10
342,10
343,10
344,10
345,10
346,10
347,10
348,10
349,10
350,10
351,10
352,10
353,10
354,10
355,10
356,10
357,10
358,10
359,10
360,10
361,10
362,10
363,10
364,10
365,10
366,10
367,10
368,10
369,10
370,10
371,10
372,10
373,10
374,10
375,10
376,10
377,10
378,10
379,10
380,10
381,10
382,10
383,10
384,10
385,10
386,10
387,10
388,10
389,10
390,10
391,10
392,10
393,10
394,10
395,10
396,10
397,10
398,10
399,10
400,10
401,10
402,10
403,10
404,10
405,10
406,10
407,10
408,10
409,10
410,10
411,10
412,10
413,10
414,10
415,10
416,10
417,10
418,10
419,10
420,10
421,10
422,10
423,10
424,10
425,10
426,10
427,10
428,10
429,10
430,10
431,10
432,10
433,10
434,10
435,10
436,10
437,10
438,10
439,10
440,10
441,10
442,10
443,10
444,10
445,10
446,10
447,10
448,10
449,10
450,10
451,10
452,10
453,10
454,10
455,10
456,10
457,10
458,10
459,10
460,10
461,10
462,10
463,10
464,10
465,10
466,10
467,10
468,10
469,10
470,10
471,10
472,10
473,10
474,10
475,10
476,10
477,10
478,10
479,10
480,10
481,10
482,10
483,10
484,10
485,10
486,10
487,10
488,10
489,10
490,10
491,10
492,10
493,10
494,10
495,10
496,10
497,10
498,10
499,10
500,10
501,10
502,10
503,10
504,10
505,10
506,10
507,10
508,10
509,10
510,10
511,10
512,10
513,10
514,10
515,10
516,10
517,10
518,10
519,10
520,10
521,10
522,10
523,10
524,10
525,10
526,10
527,10
528,10
529,10
530,10
531,10
532,10
533,10
534,10
535,10
536,10
537,10
538,10
539,10
540,10
541,10
542,10
543,10
544,10
545,10
546,10
547,10
548,10
549,10
550,10
551,10
552,10
553,10
554,10
555,10
556,10
557,10
558,10
559,10
560,10
561,10
562,10
563,10
564,10
565,10
566,10
567,10
568,10
569,10
570,10
571,10
572,10
573,10
574,10
575,10
576,10
577,10
578,10
579,10
580,10
581,10
582,10
583,10
584,10
585,10
586,10
587,10
588,10
589,10
590,10
591,10
592,10
593,10
594,10
595,10
596,10
597,10
598,10
599,10
600,10
601,10
602,10
603,10
604,10
605,10
606,10
607,10
608,10
609,10
610,10
611,10
612,10
613,10
614,10
615,10
616,10
617,10
618,10
619,10
620,10
621,10
622,10
623,10
624,10
625,10
626,10
627,10
628,10
629,10
630,10
631,10
632,10
633,10
634,10
635,10
636,10
637,10
638,10
639,10
640,10
641,10
642,10
643,10
644,10
645,10
646,10
647,10
648,1
649,1
650,1
651,1
652,1
653,1
654,1
655,1
656,1
657,1
658,1
659,1
660,1
661,1
662,1
663,1
664,1
665,1
666,1
667,1
668,1
669,1
670,1
671,1
672,1
673,1
674,1
675,1
676,1
677,1
678,1
679,1
680,1
681,1
682,1
683,1
684,1
685,1
686,1
687,1
688,1
689,1
690,1
691,1
692,1
693,1
694,1
695,1
696,1
697,1
698,1
699,1
700,1
701,1
702,1
703,1
704,1
705,1
706,1
707,1
708,1
709,1
710,1
711,1
712,1
713,1
714,1
715,1
716,1
717,1
718,1
719,1
720,1
721,1
722,1
723,1
724,1
725,1
726,1
727,1
728,1
729,1
730,1
731,1
732,1
733,1
734,1
735,1
736,1
737,1
738,1
739,1
740,1
741,1
742,1
743,1
744,1
745,1
746,1
747,1
748,1
749,1
750,1
751,1
752,1
753,1
754,1
755,1
756,1
757,1
758,1
759,1
760,1
761,1
762,1
763,1
764,1
765,1
766,1
767,1
768,1
769,1
770,1
771,1
772,1
773,1
774,1
775,1
776,1
777,1
778,1
779,1
780,1
781,1
782,1
783,1
784,1
785,1
786,1
787,1
788,1
789,1
790,1
791,1
792,1
793,1
794,1
795,1
796,1
797,1
798,1
799,1
800,1
801,1
802,1
803,1
804,1
805,1
806,1
807,1
808,1
809,1
810,1
811,1
812,1
813,1
814,1
815,1
816,1
817,1
818,1
819,1
820,1
821,1
822,1
823,1
824,1
825,1
826,1
827,1
828,1
829,1
830,1
831,1
832,1
833,1
834,1
835,1
836,1
837,1
838,1
839,1
840,1
841,1
842,1
843,1
844,1
845,1
846,1
847,1
848,1
849,1
850,1
851,1
852,1
853,1
854,1
855,1
856,1
857,1
858,1
859,1
860,1
861,1
862,1
863,1
864,1
865,1
866,1
867,1
868,1
869,1
870,1
871,1
872,1
873,1
874,1
875,1
876,1
877,1
878,1
879,1
880,1
881,1
882,1
883,1
884,1
885,1
886,1
887,1
888,1
889,1
890,1
891,1
892,1
893,1
894,1
895,1
896,1
897,1
898,1
899,1
900,1
901,1
902,1
903,1
904,1
905,1
906,1
907,1
908,1
909,1
910,1
911,1
912,1
913,1
914,1
915,1
916,1
917,1
918,1
919,1
920,1
921,1
922,1
923,1
924,1
925,1
926,1
927,1
928,1
929,1
930,1
931,1
932,1
933,1
934,1
935,1
936,1
937,1
938,1
939,1
940,1
941,1
942,1
943,1
944,1
945,1
946,1
947,1
948,1
949,1
950,1
951,1
952,1
953,1
954,1
955,1
956,1
957,1
958,1
959,1
960,1
961,1
962,1
963,1
964,1
965,1
966,1
967,1
968,1
969,1
970,1
971,1
972,1
973,1
974,1
975,1
976,1
977,1
978,1
979,1
980,1
981,1
982,1
983,1
984,1
985,1
986,1
987,1
988,1
989,1
990,1
991,1
992,1
993,1
994,1
995,1
996,1
997,1
998,1
999,1
1000,1
